author_channel_id,n_comentarios,n_videos,me_gusta,respuestas,autor,tokens
UCvcu1kR8xMYy_I1Ty-2mV2Q,4,3,0,0,@hashojea7348,12
UCpsKOkt5iWTbenzeuq7dsmQ,3,3,4,0,@inge_vergueta,16
UCHTGCgY2l-DQJIvlA_cpa_Q,3,2,14,0,@virgiliogarcia3039,47
UCylqlpsh8ENNM1LqgQ1KbxA,3,2,1,0,@Jel.Awesh.M,11
UCbrtvygfRT6QXqWDNrOf-cA,2,2,0,0,@Alejandro00710,16
UCdFlugHJJa4l3YqWuNRmvXw,2,2,0,1,@MarcosCarillo-b1r,11
UCjZgFEowMBrsjodqfovzdKw,2,2,0,0,@franciscoflores3120,5
UCsUCN0Yq_UyTvKjOJLmNrnQ,2,2,0,0,@moisesvaldez4043,11
UCzZ6dDCEsLMXbc5pCFXIprw,2,2,0,0,@josegil3813,17
UCi2KiZq63sRq8Mfbcp-MelQ,6,1,1,0,@eugeneramirez4405,50
UCyJhqmMbsvjpoarBBStA2kg,6,1,14,0,@Murmullodelbarrio,44
UC5H8ASmMC9WrURmzeB4ySog,5,1,6,0,@ManuelEdran,19
UCV3fr-YOixFKCZBbJP1-X4w,5,1,17,0,@albertoshernandez5251,45
UC9vMq1YF-e7C-VO0SHkbUTA,4,1,0,0,@ErvinLeonardoCarreraLatín,26
UC3XTwHxygNCgjndsg-UiCQA,3,1,2,0,@marioajset4283,28
UC72gBAtyb_VXQlYDcFrh6oQ,3,1,19,0,@osmanmorales3012,10
UCFjudnPLoaSL1BaRuLahyHg,3,1,3,0,@HaroldoCastillo-rh9iw,14
UCNIeXbV_mEwpa412h1aqUWw,3,1,3,1,@juandeleon9060,16
UCg3eIfd7BrsLEqS0BLkftHA,3,1,0,0,@ErmePérez-q4s,21
UCh5ESQvtzyHDhCA7XyekCFA,3,1,4,0,@andyB5280,19
UChs3tU2BcKOT0CezykvAsGw,3,1,4,0,@byronpontaza,27
UC-QOpE7GOxlXcHZ8b7HbQKA,2,1,0,0,@mariaalexander427,17
UC7IMsCxfZyWN7YQo8-JYa6Q,2,1,1,0,@Burgos68,48
UCAxvOOHQk7dYPOajzFEVtbA,2,1,0,0,@ruddydepaz322,19
UCBlm80VQ4YoV3bUJR_XhkaQ,2,1,0,3,@rosadiaz6945,10
UCHhHUjaMAZ8SiXdCUCj9DkQ,2,1,3,0,@fredymendez1786,31
UCL13XhnRzbGokEkCkEOb0-g,2,1,8,0,@raquelprado3643,12
UCLFdHr9BEbXHkoJopbEPLZw,2,1,24,0,@kanterra4584,25
UCLggDc_a5HriXv7I1h02sOA,2,1,7,0,@guillermogonzalez5153,12
UCNBnKqWf4d-rS4HwJRQljmQ,2,1,1,0,@LE_A22,43
UCOLGv5Pf6BF2wFcwUzgcvHg,2,1,4,0,@welfrealdana5559,19
UCQ_-LPP8JAbfkc-b1Q6NvWw,2,1,31,0,@MegaKristenstewart,14
UCQtICyzWmhC5woCtbNgaSmg,2,1,5,0,@nestormendez6216,26
UCVC2QugcI1G4RvlCiUqd1aQ,2,1,0,0,@rwdm76,2
UCWaRixDdpgllTBf4V0jPnKQ,2,1,0,0,@hectormaaz5523,35
UCXXh7yg5KUFIWylTiKVEFKQ,2,1,2,0,@MrDuenderojo,12
UCi1b_TRQfgO1Z9O2gNGGWNA,2,1,0,0,@davidisraelesquitsaquil,68
UCkd9W714-947dEE6ZOEBATA,2,1,3,0,@ARGELIATELON,33
UCoGdCoJg2Lh0OX_jv6cG16g,2,1,2,0,@Israel-u5i7i,3
UCp29O_C7cchZV8IxV7Crdag,2,1,0,0,@robertoescobar5507,6
UCrJn_rbo_ENAdeqneS-RmRw,2,1,1,0,@josecarrera9623,29
UCtCtts20bW6F9CSohau51Iw,2,1,0,0,@carlosgranados9875,23
UCtNyHmRZtvGF2hSvI2dUBWw,2,1,1,0,@aureliomaldonado4793,18
UCut6b9S98nv84cVX89PmKzA,2,1,1,0,@yeniferaguirre4498,52
UCwW2OFy95P7ZBkOPxWkpvYg,2,1,2,0,@TeresaLucero-b5o,5
UCz3gu01bmjNv0DpRq-K3XYg,2,1,2,0,@eusebiovasquez4385,6
UC-HeUTT6_g-VoiWds2a4H-w,1,1,0,0,@JorgeMunoz-gd9et,8
UC-Iul5tDYH_oiAMXQH-KaaQ,1,1,1,0,@AlbertoMancilla-p9h,17
UC-fiZBS5Gp1eCJd9ucgWnCg,1,1,6,0,@Tommii.10,12
UC-hfX8J5JPJ-dfuakzegMLA,1,1,6,0,@normaleticiaorozcojuarez2418,40
UC-jS_kA9w-OmpupXDx156Rg,1,1,2,0,@simoncreyesc7579,6
UC-pNP6RMFuLg_-x7Ah_0kEA,1,1,5,0,@almacatalan2717,8
UC094EFEmMSdwVa8NQjjYBXg,1,1,0,0,@CelestinoQuej-j7k,4
UC0HvfEWozTHbwl_iEmJNvVA,1,1,3,0,@OttoPalencia-b7r,7
UC0RpuMwkDKJYqgKHtsJRuWQ,1,1,113,1,@sabinamarinaguerra3248,5
UC0aEyakBPqcBkVJiErfSupQ,1,1,70,0,@jhonymanuel9891,3
UC14qlobYKqD-DO0j6b75lcA,1,1,0,0,@megavision4488,12
UC1DpqK6vaPEkBOMNvypsKYg,1,1,0,0,@HectorCarranza-u4j4o,16
UC1NiEdJ7gk6FlDexIalWnGg,1,1,0,0,@BorisTebalán,24
UC1WlJfQmaIskYhP4gmWoamw,1,1,2,1,@marthareiss5434,12
UC1Y7x3h0c95Z8kUhi-Tzaeg,1,1,0,0,@rosadiaz9235,12
UC1vr9aaMI2crB0NvwFHUeoQ,1,1,0,0,@JoseSimilox-p6e,11
UC2Y_EHWQKevubk4vOEBBFxw,1,1,1,0,@alfonsomorales2653,12
UC2ngpd8UBQu4gcUYy0goAtg,1,1,0,0,@juliohernandez7438,7
UC2weSE8rpqkGMOp6StYtVfg,1,1,1,0,@katerynsantiago2907,17
UC32oozucwCF3q8d4m8fyOUg,1,1,0,0,@RauldejesusOlivagonzalez,9
UC3E9mAgP7VoAE5mZoAexl5g,1,1,0,0,@EnnioAroche,10
UC3MYTqpQqlWBuCB7Th0e0PA,1,1,4,0,@isaaclopez7220,7
UC3NMzdMYryaw82kPTnsaljg,1,1,0,0,@marisosa7832,4
UC3UVO7pTbeYvZ3ILEyRDskQ,1,1,1,0,@rosaelenaargueta79,4
UC3YpzAr7pcdKC7BVFEpYzog,1,1,4,1,@carmenfigueroa1232,15
UC3iIU62XKUOWuqL8BqBzj9A,1,1,0,0,@antonioduarte2288,7
UC3qn1yJA5PeW9rkGPatQxiw,1,1,7,0,@VICTOREST19,5
UC4Avya4kmR4Q0FrfFdBozSQ,1,1,11,0,@davidlima1348,23
UC4cXueR2bKGFJV0Fk76gwmA,1,1,0,0,@aluxdel4792,12
UC4kg7zuTfqQKLd2bkZrSYBA,1,1,0,0,@zoilagarcia9019,5
UC4wq3DcbfaG6dtCqn8Oyu3w,1,1,1,0,@hugoasencio7764,3
UC5PrBbmUlQolwqmiru7yZhw,1,1,0,1,@lazarochavez8269,25
UC5PyGvSfFM--OVKmQ3COu6g,1,1,3,0,@FreddyGmez,4
UC5bG9nc_JV3FsNP2KseQiYw,1,1,2,0,@giovannirodas4836,23
UC5fvhAfm89JH8eDFdvc0xYw,1,1,0,0,@isaidiaz2388,2
UC5hvEnRUzI4Kfvwnyi4QxqQ,1,1,2,0,@leonelsantizo5281,9
UC5wuDq3U3vRAhOQI3D7gNdw,1,1,2,1,@allanreneramirezgonzalez534,4
UC63tFvbQ_hJhGDi2nbjssjw,1,1,2,0,@AbigailRodas-w2r,6
UC650pRT-OYzny3GwOH8Cgfw,1,1,1,0,@edvinparedesherrera7632,7
UC6PvO1_k5lHKGdAPo5_C6TA,1,1,1,0,@johnmejia992,5
UC6Uj1FT5JjDSF8vudvDxPAA,1,1,1,0,@alfredoortega9264,12
UC6YSZqL0vEcI-niPKIMUGfw,1,1,2,0,@maxwellsales885,13
UC6xI_MOaxajIWpoP8BH6E_Q,1,1,0,0,@jahirdiaz5862,1
UC7VUuJr9cGh845CmTvf7TlQ,1,1,1,0,@LuisCastillo-oz4df,10
UC7dadZG7kkGYnsNu6td0FbA,1,1,18,0,@lesolorzano,6
UC816IGbFCZinfYS1LRDaaHg,1,1,1,0,@ingenieroar,2
UC8F2V63KZ4ZEay6opX2hAQw,1,1,0,0,@carmenr6311,52
UC8G5cJONY8L9voMyBW8Eoug,1,1,0,0,@luisparedes-pw6qt,4
UC8r11yOugM2NuRfitQOxLLg,1,1,1,0,@cesaraugustomoralesmonroy6907,21
UC8xlJWNHz1V_W6q3fbuQH8g,1,1,1,0,@NormaLópez-v7e,2
UC95PSMouTx2N5CbSq0hIyrQ,1,1,0,0,@lisss1908,0
UC9Wp6vL5oCU37qC3Aj94WZA,1,1,0,0,@ManuelSanchez-b8q2z,8
UC9xr9QvIcDvoZNUX5f-jaZw,1,1,0,0,@MariaaliciaColonmorales,10
UCA93ym2TXs_Ibyxb4Vcn-6Q,1,1,0,0,@oswaldosolis8728,4
UCAKuKvcbfnBD3kF5njNu-IA,1,1,0,0,@melvinlopez7096,2
UCAV7QIjYhbDJaycQycM_0eQ,1,1,3,0,@mariavail8998,10
UCAlzM_N6xBlMYmM8EBzX86Q,1,1,3,0,@carlossoto3252,28
UCAmtbUiIrUIhikru0ZoTFig,1,1,7,0,@Aura-vf6dm,1
UCB5p8a5gklc80jJItP6xTHg,1,1,6,0,@ernestogamboa8737,6
UCBtB5dIyx-C16UN8ClUD2UA,1,1,0,0,@alexmonzon4257,4
UCCBYcToQ2dwkd6TJh0FSyDg,1,1,0,0,@lidiarodriguez3493,7
UCCUmP4PlbwgikVFpYwbtRTg,1,1,3,0,@alhvi,10
UCCaYwkkbQGcvFoUmothVdQQ,1,1,0,0,@OsvaldoAguirre-l3i,14
UCDIMztpVm7G27qBuiWuT6oQ,1,1,0,0,@lizardomorataya8274,1
UCDPWkUX3sNNaCx-m1dV4glA,1,1,0,0,@hectoroliva949,9
UCDQaQv0hr2SS_PO-CMEwVHg,1,1,1,0,@federicosaquimux1933,16
UCDUffaruH6dyUnUGwsTKpgg,1,1,2,0,@luisletona2842,2
UCDftMWXQoJ6nONfY7GVOVjg,1,1,0,0,@luisgpacheco5858,21
UCDlr1VadSucIZgZ171pRBjQ,1,1,0,0,@cuabatzjj5924,2
UCDrmf9y9nLgFY5wnA2hTuGA,1,1,1,0,@laboratorio5528,9
UCEHXl4VvvVpq-_4xC5tsbhg,1,1,7,0,@anibalg47,10
UCEgEQmRbtL5fwr9_DqAC--g,1,1,2,0,@ArielRodas-g5y,4
UCErZPJpHmLCsXs8ZWkAUupQ,1,1,2,1,@dorisl.garciaroche7763,12
UCFFrEmn6lPYiWyElpfzTy5Q,1,1,0,0,@denilsonlopez4083,2
UCFOxCyF926Y9eHhMeVoWLzw,1,1,3,0,@arielsarc09,8
UCFUuDARXdmmIrLppEqf-rFg,1,1,0,0,@allanmunoz7410,2
UCFhxtoeARHPnXXPcDrOU3Xg,1,1,2,0,@diegoalejandrolopezmendez205,10
UCFoIAE8k82D6AV-8gjjKaNg,1,1,1,1,@eddymunoz9789,24
UCFxE8GbokBrBsPEKM1xrOjQ,1,1,10,0,@JuanDavila-qd7qj,22
UCFybmWapGvBKcQod7cPPH9w,1,1,1,0,@vitalianochavez8382,2
UCGGHbtfbbe0o68etrOf0qxw,1,1,0,0,@karensussetteleonvargas9794,1
UCGX_UbAQOXGZknv5iqklwTA,1,1,1,0,@ronaldgarcia8522,2
UCGZMgmM92E3njyXNe9-kjAQ,1,1,2,1,@pasionpornada,9
UCGj2v6Gl5bN8NSrzJMXS-CA,1,1,0,0,@juliogutierrez492,15
UCGm3gRBEHGRJYmtCryZLtDw,1,1,0,0,@JoséLopez-g6k,7
UCGqKxQS-z3NZzZF-2w338AA,1,1,211,3,@samuelaguilar529,5
UCGzXwyCzMzGmjmCbH3Hg01Q,1,1,2,0,@FidelZacarias-ph7dy,8
UCHGd14aYuZZShLD73dkk6mg,1,1,0,0,@noemiherrera3152,1
UCHMQ_lDhibZ-XZ_3fo6oxwg,1,1,16,0,@crislexrubi4387,3
UCHbwIx9pmQuf7i-4_xO2EpA,1,1,0,0,@caminoseternos752,7
UCHu8x4MVkayU6VgwVKd--MQ,1,1,1,0,@Hernandez-i1o,17
UCIUhbSCy3-SGRe5UtqM4fzQ,1,1,1,0,@jeanmorales1677,16
UCIXLDYqR_syskKRJy_x9W9Q,1,1,0,0,@carlitosramirez4739,1
UCIgoiXdIKJyUGmUoH2Lxdzg,1,1,3,0,@susievidal4134,16
UCIp19h9igblA2YKfSLPDAug,1,1,14,1,@JoseReyes-rn6sh,6
UCJp3OrVYcBorC94sKwdch_A,1,1,0,0,@ULJoshmg2011,84
UCJxJC56BSAX-ArD0NAb9qnQ,1,1,0,0,@alfonsowilian9157,5
UCKDR0f2fu2UzWL8mBv5-BHw,1,1,0,0,@mireyamorales6595,65
UCKVzDUqbtdSMBcexaEtMmzQ,1,1,0,0,@rotorairgroup8409,17
UCL1MT278vSaQ83ZDkVWn1gw,1,1,20,0,@elmorodriguez6978,31
UCLXYp1Cvc5DLtq5UQL5D9vw,1,1,3,1,@jorgecifuentes-m5g,1
UCLh1Kde4_vI1sTZBkTNP7RQ,1,1,0,0,@JoelReynoso-d4r,0
UCN2N_wYOw6fMwCeSzdXLPIw,1,1,0,0,@danielantoniogonzalezflore4901,26
UCN6qbfPSzFtjhqUDZ3Cv3CQ,1,1,2,0,@carlosmedranovelasquez6380,9
UCNiMNUJvaRJb0_QLClqwVnA,1,1,2,0,@Santiago.Nolasco,2
UCNkcuy42zEwddwEcOd_HpnA,1,1,3,0,@vanigomez492,10
UCNpt5CQlTzNjlAKY6CJtClQ,1,1,0,0,@eustaquiogomez9975,4
UCO0zwwLWGyDgQmWPJ5Qrr1w,1,1,3,0,@elsalvador3605,4
UCOARn3hnfkB7-_Rwa8Hoqcw,1,1,0,0,@nicelol5241,14
UCOLHH4ZpMxPYF-Q6e6wvn5A,1,1,2,1,@luisroldan7374,6
UCOS8ViEkccrTZx2w2ccxotA,1,1,4,0,@OscarHernandez-q8y,1
UCOY3XpD9qMCRSA8AA8c4CAw,1,1,1,0,@franciscorodas9686,8
UCOcUI5XkTYNMSFhZNMIPpGg,1,1,3,0,@hendersonlopez3864,39
UCOh6DaZC_x9HASnlRylEMfw,1,1,0,0,@AndresMedina-v1s,13
UCPLW0HE3siElqCgXfgWxMqg,1,1,0,0,@elizabethmonterroso7719,14
UCPNXmbOBVeC4HS-xemvcPtQ,1,1,2,3,@BelkisRodriguezRamirez,13
UCPZueDLrCS4BmTBRMA4q0fA,1,1,1,1,@kevinochoa3695,24
UCQIdKuZ-OzuFqy0KjGrgesg,1,1,1,0,@lyacausa,3
UCQM2tCKRRytVDRxNUfCDqQQ,1,1,0,0,@elioelias7267,0
UCQMMuADgqWUOcJpLwHOzC-g,1,1,0,0,@Ripped-Yoda,9
UCQgYjVngJRfPHDLGB5X6ZjA,1,1,0,0,@oscarnavas9996,5
UCQqetiwzzmRNTM5OWuXarGQ,1,1,1,0,@isaiaslopezvelasquez1539,2
UCQqlPPUGqAfWjd-FSh_qn7Q,1,1,0,0,@estuardoargueta137,10
UCQtSFINs1h6GHkpg9o5kMvg,1,1,12,0,@MacarioMartinezruiz,7
UCQyOePccUP-fIJYzchAgZYw,1,1,0,0,@aguilar4254,8
UCRAquv8el-tQ30bN7MlmySQ,1,1,4,0,@iamjimalesssa,7
UCRETAiYdh2dL5ZxB0_N1zDA,1,1,0,0,@Joseroland21,7
UCRcSR3Lvn9DZAmJpVPANfZQ,1,1,68,0,@WalksandSuch,2
UCRelkU8JiZBytTzebJxaa-w,1,1,3,0,@danyraymundo2942,6
UCRfkkatKrNtAARnXMMYBGlA,1,1,0,0,@BernerSoza-mg3vx,8
UCRlCV9zSn7avAWh-9_XFWqQ,1,1,1,0,@ronyarana8849,6
UCRvPToDkkumha7WJAfCDk1A,1,1,0,0,@ligiaguerra3057,1
UCRznz9-N3Qc1w-qNdLSIY2Q,1,1,14,0,@jimmygomez724,4
UCSTAUWVc1_82DHYeqOsqEFA,1,1,191,2,@TheAlexX_C,6
UCSou6a2OuYGSvPjm5psquyA,1,1,0,0,@FranciscoRivera-sf7ne,2
UCTD6q1nyIe3Y7HhqjaMj72w,1,1,8,0,@JuanChang-r6k,5
UCTP3O0rMnc8z8v8jaDQwL0w,1,1,1,0,@RobertoZelaya-x1v,21
UCTTILH6QCIxbTnEWxwRqs1g,1,1,0,0,@3762Jorge,4
UCThW2XNsAaBKme5PUt7n-Zg,1,1,0,0,@thelmamoran8565,12
UCTwSut16JyAg3mX6LVUNGqA,1,1,0,0,@SuperVictor2005,37
UCTylKrsqkrBKIqubMu_5N0Q,1,1,1,0,@edwingeovanymarroquinmarro6684,3
UCUIIIPTVDVHAXqhC_5V6lPA,1,1,0,0,@gorrarota,19
UCUoYsrx1oZnCZ0usbBJn4fA,1,1,1,0,@AnaDiaz-re9sq,7
UCV0iizTBoOfdAFX_thfI9BA,1,1,0,0,@BenjaminLarios-jd8nk,7
UCV0lM03g5fg5pbPj97-sAtA,1,1,1,0,@genarodelgado3929,9
UCVQf0tzL7xRzFJsABVVULpg,1,1,0,0,@DennisseLopetegi,22
UCVdjCrh4tQoX3haNAZv-n5A,1,1,3,1,@aurahernandez5646,6
UCVhif9eV0f8plICen2DnpKA,1,1,0,0,@blogarteplus,11
UCW-JC6lebVmf2P1dmY_L94g,1,1,0,0,@dinoraoroxon5771,15
UCW80DaMjQlEUibC98Cot-Dg,1,1,0,0,@rogeraldana4289,14
UCWIZUtKJ636y-4TYrNvok0g,1,1,5,0,@cesarandreas7824,7
UCWWkebAekppaL5b5CNlppuw,1,1,3,0,@ninettmartinez425,7
UCWoAVGVqCn4xtINCMOTM4jg,1,1,0,0,@OmarMartinez-vv8re,22
UCWvntqPQx99k_Z_skWKqNSA,1,1,2,1,@AntonioChiyal-x5s,2
UCXN2s7DwTJm33xO-pNkAdaA,1,1,0,0,@edithsan7688,2
UCXO1BBohNWXkK9SBDAG2ySg,1,1,0,0,@JBFlute92,2
UCXSkL3ejZ8qWYyF_M7s_QKA,1,1,0,0,@JacintaTzoy,9
UCXVLc8CmAO813ubM-fLvCDw,1,1,7,0,@herminiasaquimux7565,11
UCXgr7vXlRrsaskPdo097kGA,1,1,0,0,@Rogergh-nw4oj,1
UCXl30Y_upRqbti52fmjK4YA,1,1,0,0,@capitanfrans,14
UCXmrpc6Li0spcKxtS0Q_ptg,1,1,10,0,@melvinperez6710,18
UCXr8_5WtGeipe4haOoQDgyQ,1,1,0,0,@amyherrera7352,13
UCY7Hq7F9Lnucf-Yr6JkHZNw,1,1,79,0,@maynorcalel1442,2
UCYN4wSQ1Sx4_LurxLlW7MPg,1,1,0,0,@belarminavillatoro6474,54
UCYwpX26TrCxq8TvbKGRYLXA,1,1,3,0,@beneficioelcaminovillacana8540,13
UCZ51R_9Q9C0c8I3pAWhtmjQ,1,1,8,0,@belvettzapeta1251,3
UCZFQwqh90apuL8eFhvRBkUg,1,1,9,0,@luisricardo9671,31
UCZIQnb1fkwe39Iw2TAu-bGA,1,1,1,0,@jorgegomez2237,11
UCZLG9qH0tUjNhEGFIUt0CYw,1,1,1,0,@SoniaMarroquin-y6e,2
UCZOmq6MwFDVoCaEl99BRRaw,1,1,0,0,@daniloarevalo3170,31
UCZeIIQrGAedW8tCbKWmGY-A,1,1,9,0,@mariocordon8873,9
UCZjm6U576nX8WOiLhmMR3bw,1,1,3,1,@MariaNavarroYT,2
UC_3xuTXvMIWU5MYP9HkJ3vQ,1,1,4,0,@Historia-wm4os,5
UC_6KbBY1bsYXz9fwFS0eQRg,1,1,0,0,@imrcp5694,1
UC_LYoGs5C3mbZKZuKuqYCvw,1,1,7,0,@javiercifuentesarchila6041,1
UC_NRVt2UP88ZNTwzrZ66JSg,1,1,2,0,@aditalissethevasquezrojas8039,4
UC_ljZ1hZXR9pzexFz87P5ZA,1,1,0,0,@ChRiStOpHeR7969,13
UCa36MjQLoPAmgJo-R3G8WQA,1,1,3,0,@elsasalguero6914,4
UCaKAjTW9MVub_clgr4DRYjQ,1,1,6,0,@josecastillo4390,2
UCaT4saRcyqCLE657Rq2hhZQ,1,1,0,0,@elmilenial4064,3
UCaT6M2zp7X6r6Whd8Vv3kHQ,1,1,1,0,@alexarcos8349,5
UCat2qkYvqmtDNEmo2PVuhXw,1,1,1,0,@DoraSalas-j5o,5
UCbNanjFI51cwGqMAb2rOrBw,1,1,0,0,@RosaMontesdeOca777,11
UCbYoNG5J3Au5BqtbXogfEFw,1,1,1,0,@Luis-gn3fj,0
UCcFIBN-rtC3d3hXeuN5TfWw,1,1,0,0,@DenisRMC,18
UCc_F88PzGWtA1OPNUEASulA,1,1,0,0,@rockyscarlet,11
UCcfdg8crmMJwEuLUsAhV7yg,1,1,1,0,@RolandoRaguay,17
UCdQAuWwyC99MB7Y02Umj26Q,1,1,0,0,@miguelbran1268,29
UCe8JZoYkX5oKUZyivHYdXhw,1,1,0,0,@FernandoGarcia-jg1fj,21
UCeDNEtI8_a42bZ47wJiJMwQ,1,1,0,0,@EdgarcalderonCalderong,3
UCeQk-WfEA-cJRq4EKeE7TOw,1,1,0,0,@franciscojuarez9223,19
UCefAH1MbvADWUjE9WVcB9EQ,1,1,0,0,@jabriz8152,10
UCf5lnNZF7Qrtli9v4N_23WQ,1,1,0,0,@CarlosCortez-v5r,5
UCfM3nrxtTQMY5jFx1v1J4Gg,1,1,0,0,@edgarroldan5539,10
UCfRqgt2O-vjzUDMZY_tnxQw,1,1,0,0,@Williams-Garcia67E,4
UCfXykdbSU97rj987LDUGfvg,1,1,1,0,@MariaSantos-c8y3h,1
UCfjhejO7LZy4doXURa7LZCQ,1,1,0,0,@HonwayLee-z5g,0
UCfo_yUPzy1f1POwwZxhZ06Q,1,1,1,0,@lara11roberto,20
UCgGqw4aqMdMVSGkKiMgrJRQ,1,1,0,0,@pattyfigueroa5609,6
UCgJNFj5dnxXpcMvmuhZDPxA,1,1,1,0,@NataliaRodriguez-rx5mr,1
UCgLrWFdYitoP-b7-PxtUr-w,1,1,405,3,@zetag,2
UCgLurCo-e019HGODcjXHWCw,1,1,2,0,@perritojuega1,2
UCgQJgI9vu1FI2dnC9mrFthw,1,1,2,0,@srms70,3
UCgQw_Sbq3ugruDUKsq1e0-A,1,1,0,0,@marlenareano-h4t,6
UCgvw7xIdGFupzpt1Y_BFkEA,1,1,1,0,@fredygarcia9151,3
UChT7pzGytNd92Nmvi-zuWog,1,1,1,0,@sparkvalkov,2
UChZknRmJkeGeQk0-mQuhDOg,1,1,1,0,@OdilioRodríguez-c5w,10
UCheEJ5GZuIvV0fj-nXyVwXw,1,1,0,0,@rosaoliva9389,3
UChep9kVb5gQmpodEEl10Xlg,1,1,0,0,@carlosaguilar-kz7ml,7
UChgkn5Jt5tWKYMoEOuCjz3Q,1,1,2,0,@pablochitay46,3
UChyps3dqY-VY1_wLeq-2lhw,1,1,14,1,@maydamorales4395,25
UCi-vPdnpQreC7BkFs40mJGA,1,1,35,0,@bryansicasales4280,5
UCiC-Jn7wdgyQV4_Urk0DkWQ,1,1,1,0,@pedroros6358,14
UCiGRBf2RNF0WRKhRVT7zFoA,1,1,0,0,@edwinavila4876,18
UCiMythXHsw7eQEMykCdmMUA,1,1,2,0,@JavierBecerra-h6x,8
UCiOZX__1gahg1ypIj0_XG_w,1,1,1,0,@mariogonzalezorellana8956,1
UCipetjeiWj4CZB6EbyYziZg,1,1,0,0,@OseasSamayoa-ol5rz,8
UCj-LL25XJnjxepPKCc3NGog,1,1,1,0,@anaaguirre8985,27
UCjJf-AJKRFFWtiN-CSwkDmA,1,1,0,0,@2jose82,20
UCjSKM9j0Q7HLDr1hD6D-TUw,1,1,2,0,@josehidalgo4875,31
UCjmPuazZJzscrwvk0QR9RVw,1,1,2,0,@mynorrodas8591,12
UCk4O-J1BhoqPmig1KLGJePA,1,1,0,0,@lazarobarillas3575,5
UCkVtmkK07b2zaVVNssX4lOg,1,1,0,0,@HectorElias-u2l,3
UCkbsS_3D-pvg1iHOld9uvIg,1,1,0,0,@gonzalo6075,7
UCkxdJ_yGN2gghOMo2ybQtXQ,1,1,1,0,@11223344An,5
UCl0ekS9Tt0jJGtOEM18S63w,1,1,0,0,@monkchapin,1
UCld2stqxaVSk0QdGncM224A,1,1,4,0,@sarahernandez3873,16
UClhMWQ7XKWywYvbRnuf8QsA,1,1,0,0,@EcPerez-zz9oh,2
UCljDbleJul41G1TzOjOZAVA,1,1,1,0,@hectorcarranza3777,20
UClqA491Xa5fQcXcJJa-vTWw,1,1,0,0,@AndresLemus-k2d,10
UClsrFGJKWPxxw7MiaEdKLXw,1,1,3,2,@ericapaz5406,19
UCmjppp6ujz3SAnULvP3sZMw,1,1,0,0,@marcomendez7509,13
UCmvOgzmmXbjUthHy-WJ52hQ,1,1,1,0,@mariorodas593,3
UCnU8wO1OurAmGstDw6VGjgQ,1,1,0,0,@cmorera21,110
UColMq7LmaoY3MT6aIDGrGvA,1,1,0,0,@quijotachapina1,9
UCozFYHN0e_-vlQbX3wQGOug,1,1,5,2,@jesusguzman2321,7
UCp4iw5_5SmV9VGTFSNVGOmQ,1,1,0,0,@CARLOSSTREMS51,15
UCpIdtvoFHVLGASGB5ySqIEA,1,1,1,0,@VidalVillatoro-p4w,12
UCp_dAUfv8i3LW3zWc24dLaQ,1,1,1,0,@MarioCortez-o6v,1
UCpe5jW3MIqkgTJ-PgkzvM6Q,1,1,1,0,@carloslam5333,3
UCpl8rF8uv_8uui-QRvuJaRA,1,1,0,0,@SergioGarcia-z9c,9
UCplrIQtaPj6au60_f2-mOYw,1,1,0,0,@romeolopezherrarte799,6
UCq3mDTTRZnUybct5M9OSXbg,1,1,1,0,@MacoMorales-i2i2d,2
UCqCrvuoJpC-aVb0f4logQRQ,1,1,0,0,@Lyrics_GT,14
UCqilIa8r7iek5sGYg_q6ofA,1,1,52,1,@rolandojuchuna484,8
UCql1n3Ey6ULMSOACjMe-fxQ,1,1,6,7,@RolandoGonzalez-o7g,11
UCr1emrogPKkKTs_WTtx71xg,1,1,0,0,@domingopeneleu6457,3
UCrqXyRsg-_hTosURZ-uvoKg,1,1,0,0,@flornolberto2425,14
UCsGoJEvb-cFPZ2rWoJcXzEQ,1,1,10,0,@sergiohinestroza9709,5
UCsJJAvrVGupdmhOqgtDp8dg,1,1,1,0,@nestorlorenzana1168,7
UCsSXdJct-nsS8DsABoEsaYA,1,1,2,1,@IvánPérez-j4j,13
UCs_5qeqdku9tGAq22y3OcuQ,1,1,4,0,@alexandrevasquez4135,16
UCsjs5Hp_r86x1xbK6FAeqaA,1,1,2,0,@alvaroesquivel563,14
UCtMBF_1O2jY2INlb_luuB_A,1,1,15,0,@mynorgudiel8646,9
UCtNfIBnc5S5DbbQj_yxgJTw,1,1,1,0,@JosueRamirez-ey3ih,1
UCtUR3_CAiE7fCoZHM6cMfyQ,1,1,10,0,@mdelcid01,6
UCtiHFjFu7d5v2XxHnKFUYig,1,1,0,0,@Paul-gf7ec,8
UCtowGNY2lnlg6O2CkwDgkLg,1,1,2,0,@taniagabrielacelis8434,9
UCtsxPYw8VUsH_FfnKg-0lmw,1,1,2,0,@AlejandroPérez-b6r,3
UCu8_3-Wg-YzNyvHYQDEscfw,1,1,2,0,@RolandoCastroPérez-d7y,5
UCuP4UK33HKtJE_S39ksmaTw,1,1,0,0,@herbertaguilar1387,12
UCuXmOjxC-htcprLgeVXz6Tg,1,1,1,0,@jorgeaguilar-bq3uj,22
UCueV9cTyTDwgQSec1x2dYgA,1,1,0,0,@fredydomingo7062,5
UCujPF2nBgsTD62nWE3lcpIg,1,1,0,0,@victorarturoruanobautista7588,4
UCusjriFsDHEc2AOjqk-p5ig,1,1,2,0,@pablobarrios7931,30
UCvApqeCbLod-wejtT4CcVuA,1,1,15,0,@davidgaher9550,8
UCvDwJBBY1mHK70aTEYl6rsA,1,1,1,0,@cristianescobedo8296,20
UCvl1tzQeBeGy6efPTRJXSCw,1,1,0,0,@RaulPerez-cw2vi,11
UCwCfs-2zbD5k0lG-UVg_JBw,1,1,0,0,@JessicaHuaz-96,3
UCwEe1RKlEv1UpNWmWYfSh4w,1,1,0,0,@marioramirez299,17
UCwO2SXr0ggzwg6QWWrr01nQ,1,1,11,0,@ricardofigueroa5720,2
UCwUAv3_LpWVtTIi7lkmTL7A,1,1,16,0,@kingr4706,10
UCwgCc9Jd_gG-uLE_SY-FfPg,1,1,0,0,@armindapenados2841,3
UCwha8rxULYMVtNwZWeSkE1A,1,1,0,0,@mariasamo8637,6
UCwjUvRseNtJoItylIyIez7Q,1,1,0,0,@Silviazea,2
UCwxoKK59nGCeBqB2sXfDBIw,1,1,0,1,@vic-bonivideos,26
UCxKR3RA8T-kxMgq_2WWhRcQ,1,1,329,5,@elenaluarca9377,23
UCxcoDvP-g2_KTZDmVZtvb3w,1,1,0,0,@angelmartinez9523,81
UCxff05WuyvwELNITi7bj7UA,1,1,3,0,@markoherrera,6
UCxhtlxPV8AYWaNNyU6S9H8Q,1,1,0,0,@WilR-s8r,11
UCySYJU5kUh7X8gVt9la2ISA,1,1,0,0,@dantesarti4351,9
UCyW68EGZey4ao_Vf2cR5Ztg,1,1,0,0,@ZabalaXabier,13
UCyor0Mmm0ivLX2jIdyGp84Q,1,1,0,0,@MiguelJordan-n3g,7
UCyzf29IYjNw67gGIfsjgtxA,1,1,45,0,@carlosoliva9249,16
UCzSfZlOVxBSs5ObD25ywxDQ,1,1,0,0,@GilmarMaldonado-q9m,30
UCzoL2l5H5eVlorWGH8AZfAg,1,1,6,0,@jor77cas,17
