author_channel_id,n_videos,n_canales,canales
UCHTGCgY2l-DQJIvlA_cpa_Q,2,2,Gobierno de la República de Guatemala | Quorum
UCbrtvygfRT6QXqWDNrOf-cA,2,1,Quorum
UCdFlugHJJa4l3YqWuNRmvXw,2,2,Quorum | TN23 Guatemala
UCjZgFEowMBrsjodqfovzdKw,2,2,Gobierno de la República de Guatemala | Noti7
UCpsKOkt5iWTbenzeuq7dsmQ,3,1,Quorum
UCsUCN0Yq_UyTvKjOJLmNrnQ,2,2,PrensaLibreOficial | Quorum
UCvcu1kR8xMYy_I1Ty-2mV2Q,3,1,Quorum
UCylqlpsh8ENNM1LqgQ1KbxA,2,1,Quorum
UCzZ6dDCEsLMXbc5pCFXIprw,2,1,Gobierno de la República de Guatemala
