id,tipo,etiqueta,handle,grado,grado_ponderado,n_comentarios,n_autores,n_videos,n_canales,me_gusta_total,respuestas_recibidas,tokens_totales,polaridad_media,channel_id,channel_name,category,view_count,publish_date,source_group,source_query,es_puente_potencial,componente
UCpsKOkt5iWTbenzeuq7dsmQ,autor,@inge_vergueta,inge_vergueta,3,3,3,,3.0,1.0,4,0,16,0.333,,,,,,,,True,0
UCvcu1kR8xMYy_I1Ty-2mV2Q,autor,@hashojea7348,hashojea7348,3,4,4,,3.0,1.0,0,0,12,0.5,,,,,,,,True,0
UCHTGCgY2l-DQJIvlA_cpa_Q,autor,@virgiliogarcia3039,virgiliogarcia3039,2,3,3,,2.0,2.0,14,0,47,-0.778,,,,,,,,True,0
UCbrtvygfRT6QXqWDNrOf-cA,autor,@Alejandro00710,alejandro00710,2,2,2,,2.0,1.0,0,0,16,0.0,,,,,,,,True,0
UCdFlugHJJa4l3YqWuNRmvXw,autor,@MarcosCarillo-b1r,marcoscarillo-b1r,2,2,2,,2.0,2.0,0,1,11,-1.0,,,,,,,,True,0
UCjZgFEowMBrsjodqfovzdKw,autor,@franciscoflores3120,franciscoflores3120,2,2,2,,2.0,2.0,0,0,5,0.5,,,,,,,,True,0
UCsUCN0Yq_UyTvKjOJLmNrnQ,autor,@moisesvaldez4043,moisesvaldez4043,2,2,2,,2.0,2.0,0,0,11,0.5,,,,,,,,True,0
UCylqlpsh8ENNM1LqgQ1KbxA,autor,@Jel.Awesh.M,jel.awesh.m,2,3,3,,2.0,1.0,1,0,11,-0.333,,,,,,,,True,0
UCzZ6dDCEsLMXbc5pCFXIprw,autor,@josegil3813,josegil3813,2,2,2,,2.0,1.0,0,0,17,0.5,,,,,,,,True,0
UC-HeUTT6_g-VoiWds2a4H-w,autor,@JorgeMunoz-gd9et,jorgemunoz-gd9et,1,1,1,,1.0,1.0,0,0,8,1.0,,,,,,,,False,0
UC-Iul5tDYH_oiAMXQH-KaaQ,autor,@AlbertoMancilla-p9h,albertomancilla-p9h,1,1,1,,1.0,1.0,1,0,17,1.0,,,,,,,,False,0
UC-QOpE7GOxlXcHZ8b7HbQKA,autor,@mariaalexander427,mariaalexander427,1,2,2,,1.0,1.0,0,0,17,0.833,,,,,,,,False,2
UC-fiZBS5Gp1eCJd9ucgWnCg,autor,@Tommii.10,tommii.10,1,1,1,,1.0,1.0,6,0,12,-1.0,,,,,,,,False,0
UC-hfX8J5JPJ-dfuakzegMLA,autor,@normaleticiaorozcojuarez2418,normaleticiaorozcojuarez2418,1,1,1,,1.0,1.0,6,0,40,0.0,,,,,,,,False,0
UC-jS_kA9w-OmpupXDx156Rg,autor,@simoncreyesc7579,simoncreyesc7579,1,1,1,,1.0,1.0,2,0,6,-1.0,,,,,,,,False,0
UC-pNP6RMFuLg_-x7Ah_0kEA,autor,@almacatalan2717,almacatalan2717,1,1,1,,1.0,1.0,5,0,8,0.0,,,,,,,,False,0
UC094EFEmMSdwVa8NQjjYBXg,autor,@CelestinoQuej-j7k,celestinoquej-j7k,1,1,1,,1.0,1.0,0,0,4,0.0,,,,,,,,False,0
UC0HvfEWozTHbwl_iEmJNvVA,autor,@OttoPalencia-b7r,ottopalencia-b7r,1,1,1,,1.0,1.0,3,0,7,0.0,,,,,,,,False,0
UC0RpuMwkDKJYqgKHtsJRuWQ,autor,@sabinamarinaguerra3248,sabinamarinaguerra3248,1,1,1,,1.0,1.0,113,1,5,0.0,,,,,,,,False,1
UC0aEyakBPqcBkVJiErfSupQ,autor,@jhonymanuel9891,jhonymanuel9891,1,1,1,,1.0,1.0,70,0,3,0.0,,,,,,,,False,1
UC14qlobYKqD-DO0j6b75lcA,autor,@megavision4488,megavision4488,1,1,1,,1.0,1.0,0,0,12,1.0,,,,,,,,False,0
UC1DpqK6vaPEkBOMNvypsKYg,autor,@HectorCarranza-u4j4o,hectorcarranza-u4j4o,1,1,1,,1.0,1.0,0,0,16,-1.0,,,,,,,,False,0
UC1NiEdJ7gk6FlDexIalWnGg,autor,@BorisTebalán,boristebal%c3%a1n,1,1,1,,1.0,1.0,0,0,24,-0.333,,,,,,,,False,0
UC1WlJfQmaIskYhP4gmWoamw,autor,@marthareiss5434,marthareiss5434,1,1,1,,1.0,1.0,2,1,12,0.0,,,,,,,,False,2
UC1Y7x3h0c95Z8kUhi-Tzaeg,autor,@rosadiaz9235,rosadiaz9235,1,1,1,,1.0,1.0,0,0,12,-1.0,,,,,,,,False,0
UC1vr9aaMI2crB0NvwFHUeoQ,autor,@JoseSimilox-p6e,josesimilox-p6e,1,1,1,,1.0,1.0,0,0,11,0.0,,,,,,,,False,0
UC2Y_EHWQKevubk4vOEBBFxw,autor,@alfonsomorales2653,alfonsomorales2653,1,1,1,,1.0,1.0,1,0,12,0.0,,,,,,,,False,0
UC2ngpd8UBQu4gcUYy0goAtg,autor,@juliohernandez7438,juliohernandez7438,1,1,1,,1.0,1.0,0,0,7,-1.0,,,,,,,,False,0
UC2weSE8rpqkGMOp6StYtVfg,autor,@katerynsantiago2907,katerynsantiago2907,1,1,1,,1.0,1.0,1,0,17,-0.333,,,,,,,,False,0
UC32oozucwCF3q8d4m8fyOUg,autor,@RauldejesusOlivagonzalez,rauldejesusolivagonzalez,1,1,1,,1.0,1.0,0,0,9,0.0,,,,,,,,False,0
UC3E9mAgP7VoAE5mZoAexl5g,autor,@EnnioAroche,ennioaroche,1,1,1,,1.0,1.0,0,0,10,1.0,,,,,,,,False,0
UC3MYTqpQqlWBuCB7Th0e0PA,autor,@isaaclopez7220,isaaclopez7220,1,1,1,,1.0,1.0,4,0,7,1.0,,,,,,,,False,0
UC3NMzdMYryaw82kPTnsaljg,autor,@marisosa7832,marisosa7832,1,1,1,,1.0,1.0,0,0,4,-1.0,,,,,,,,False,0
UC3UVO7pTbeYvZ3ILEyRDskQ,autor,@rosaelenaargueta79,rosaelenaargueta79,1,1,1,,1.0,1.0,1,0,4,0.0,,,,,,,,False,0
UC3XTwHxygNCgjndsg-UiCQA,autor,@marioajset4283,marioajset4283,1,3,3,,1.0,1.0,2,0,28,-0.333,,,,,,,,False,0
UC3YpzAr7pcdKC7BVFEpYzog,autor,@carmenfigueroa1232,carmenfigueroa1232,1,1,1,,1.0,1.0,4,1,15,-1.0,,,,,,,,False,0
UC3iIU62XKUOWuqL8BqBzj9A,autor,@antonioduarte2288,antonioduarte2288,1,1,1,,1.0,1.0,0,0,7,0.0,,,,,,,,False,0
UC3qn1yJA5PeW9rkGPatQxiw,autor,@VICTOREST19,victorest19,1,1,1,,1.0,1.0,7,0,5,0.0,,,,,,,,False,0
UC4Avya4kmR4Q0FrfFdBozSQ,autor,@davidlima1348,davidlima1348,1,1,1,,1.0,1.0,11,0,23,1.0,,,,,,,,False,0
UC4cXueR2bKGFJV0Fk76gwmA,autor,@aluxdel4792,aluxdel4792,1,1,1,,1.0,1.0,0,0,12,-1.0,,,,,,,,False,0
UC4kg7zuTfqQKLd2bkZrSYBA,autor,@zoilagarcia9019,zoilagarcia9019,1,1,1,,1.0,1.0,0,0,5,-1.0,,,,,,,,False,0
UC4wq3DcbfaG6dtCqn8Oyu3w,autor,@hugoasencio7764,hugoasencio7764,1,1,1,,1.0,1.0,1,0,3,0.0,,,,,,,,False,0
UC5H8ASmMC9WrURmzeB4ySog,autor,@ManuelEdran,manueledran,1,5,5,,1.0,1.0,6,0,19,0.0,,,,,,,,False,0
UC5PrBbmUlQolwqmiru7yZhw,autor,@lazarochavez8269,lazarochavez8269,1,1,1,,1.0,1.0,0,1,25,1.0,,,,,,,,False,0
UC5PyGvSfFM--OVKmQ3COu6g,autor,@FreddyGmez,freddygmez,1,1,1,,1.0,1.0,3,0,4,1.0,,,,,,,,False,1
UC5bG9nc_JV3FsNP2KseQiYw,autor,@giovannirodas4836,giovannirodas4836,1,1,1,,1.0,1.0,2,0,23,-1.0,,,,,,,,False,0
UC5fvhAfm89JH8eDFdvc0xYw,autor,@isaidiaz2388,isaidiaz2388,1,1,1,,1.0,1.0,0,0,2,1.0,,,,,,,,False,1
UC5hvEnRUzI4Kfvwnyi4QxqQ,autor,@leonelsantizo5281,leonelsantizo5281,1,1,1,,1.0,1.0,2,0,9,0.0,,,,,,,,False,0
UC5wuDq3U3vRAhOQI3D7gNdw,autor,@allanreneramirezgonzalez534,allanreneramirezgonzalez534,1,1,1,,1.0,1.0,2,1,4,1.0,,,,,,,,False,0
UC63tFvbQ_hJhGDi2nbjssjw,autor,@AbigailRodas-w2r,abigailrodas-w2r,1,1,1,,1.0,1.0,2,0,6,0.0,,,,,,,,False,0
UC650pRT-OYzny3GwOH8Cgfw,autor,@edvinparedesherrera7632,edvinparedesherrera7632,1,1,1,,1.0,1.0,1,0,7,0.0,,,,,,,,False,0
UC6PvO1_k5lHKGdAPo5_C6TA,autor,@johnmejia992,johnmejia992,1,1,1,,1.0,1.0,1,0,5,-1.0,,,,,,,,False,0
UC6Uj1FT5JjDSF8vudvDxPAA,autor,@alfredoortega9264,alfredoortega9264,1,1,1,,1.0,1.0,1,0,12,1.0,,,,,,,,False,0
UC6YSZqL0vEcI-niPKIMUGfw,autor,@maxwellsales885,maxwellsales885,1,1,1,,1.0,1.0,2,0,13,-1.0,,,,,,,,False,0
UC6xI_MOaxajIWpoP8BH6E_Q,autor,@jahirdiaz5862,jahirdiaz5862,1,1,1,,1.0,1.0,0,0,1,0.0,,,,,,,,False,6
UC72gBAtyb_VXQlYDcFrh6oQ,autor,@osmanmorales3012,osmanmorales3012,1,3,3,,1.0,1.0,19,0,10,-0.333,,,,,,,,False,0
UC7IMsCxfZyWN7YQo8-JYa6Q,autor,@Burgos68,burgos68,1,2,2,,1.0,1.0,1,0,48,1.0,,,,,,,,False,0
UC7VUuJr9cGh845CmTvf7TlQ,autor,@LuisCastillo-oz4df,luiscastillo-oz4df,1,1,1,,1.0,1.0,1,0,10,-1.0,,,,,,,,False,0
UC7dadZG7kkGYnsNu6td0FbA,autor,@lesolorzano,lesolorzano,1,1,1,,1.0,1.0,18,0,6,0.0,,,,,,,,False,0
UC816IGbFCZinfYS1LRDaaHg,autor,@ingenieroar,ingenieroar,1,1,1,,1.0,1.0,1,0,2,0.0,,,,,,,,False,0
UC8F2V63KZ4ZEay6opX2hAQw,autor,@carmenr6311,carmenr6311,1,1,1,,1.0,1.0,0,0,52,1.0,,,,,,,,False,0
UC8G5cJONY8L9voMyBW8Eoug,autor,@luisparedes-pw6qt,luisparedes-pw6qt,1,1,1,,1.0,1.0,0,0,4,0.0,,,,,,,,False,0
UC8r11yOugM2NuRfitQOxLLg,autor,@cesaraugustomoralesmonroy6907,cesaraugustomoralesmonroy6907,1,1,1,,1.0,1.0,1,0,21,-1.0,,,,,,,,False,0
UC8xlJWNHz1V_W6q3fbuQH8g,autor,@NormaLópez-v7e,normal%c3%b3pez-v7e,1,1,1,,1.0,1.0,1,0,2,1.0,,,,,,,,False,0
UC95PSMouTx2N5CbSq0hIyrQ,autor,@lisss1908,lisss1908,1,1,1,,1.0,1.0,0,0,0,0.0,,,,,,,,False,0
UC9Wp6vL5oCU37qC3Aj94WZA,autor,@ManuelSanchez-b8q2z,manuelsanchez-b8q2z,1,1,1,,1.0,1.0,0,0,8,1.0,,,,,,,,False,0
UC9vMq1YF-e7C-VO0SHkbUTA,autor,@ErvinLeonardoCarreraLatín,ervinleonardocarreralat%c3%adn,1,4,4,,1.0,1.0,0,0,26,-0.5,,,,,,,,False,0
UC9xr9QvIcDvoZNUX5f-jaZw,autor,@MariaaliciaColonmorales,mariaaliciacolonmorales,1,1,1,,1.0,1.0,0,0,10,0.0,,,,,,,,False,0
UCA93ym2TXs_Ibyxb4Vcn-6Q,autor,@oswaldosolis8728,oswaldosolis8728,1,1,1,,1.0,1.0,0,0,4,0.0,,,,,,,,False,0
UCAKuKvcbfnBD3kF5njNu-IA,autor,@melvinlopez7096,melvinlopez7096,1,1,1,,1.0,1.0,0,0,2,1.0,,,,,,,,False,0
UCAV7QIjYhbDJaycQycM_0eQ,autor,@mariavail8998,mariavail8998,1,1,1,,1.0,1.0,3,0,10,1.0,,,,,,,,False,0
UCAlzM_N6xBlMYmM8EBzX86Q,autor,@carlossoto3252,carlossoto3252,1,1,1,,1.0,1.0,3,0,28,-1.0,,,,,,,,False,0
UCAmtbUiIrUIhikru0ZoTFig,autor,@Aura-vf6dm,aura-vf6dm,1,1,1,,1.0,1.0,7,0,1,0.0,,,,,,,,False,0
UCAxvOOHQk7dYPOajzFEVtbA,autor,@ruddydepaz322,ruddydepaz322,1,2,2,,1.0,1.0,0,0,19,0.0,,,,,,,,False,0
UCB5p8a5gklc80jJItP6xTHg,autor,@ernestogamboa8737,ernestogamboa8737,1,1,1,,1.0,1.0,6,0,6,0.0,,,,,,,,False,0
UCBlm80VQ4YoV3bUJR_XhkaQ,autor,@rosadiaz6945,rosadiaz6945,1,2,2,,1.0,1.0,0,3,10,0.0,,,,,,,,False,2
UCBtB5dIyx-C16UN8ClUD2UA,autor,@alexmonzon4257,alexmonzon4257,1,1,1,,1.0,1.0,0,0,4,0.0,,,,,,,,False,0
UCCBYcToQ2dwkd6TJh0FSyDg,autor,@lidiarodriguez3493,lidiarodriguez3493,1,1,1,,1.0,1.0,0,0,7,1.0,,,,,,,,False,0
UCCUmP4PlbwgikVFpYwbtRTg,autor,@alhvi,alhvi,1,1,1,,1.0,1.0,3,0,10,1.0,,,,,,,,False,0
UCCaYwkkbQGcvFoUmothVdQQ,autor,@OsvaldoAguirre-l3i,osvaldoaguirre-l3i,1,1,1,,1.0,1.0,0,0,14,0.333,,,,,,,,False,0
UCDIMztpVm7G27qBuiWuT6oQ,autor,@lizardomorataya8274,lizardomorataya8274,1,1,1,,1.0,1.0,0,0,1,-1.0,,,,,,,,False,0
UCDPWkUX3sNNaCx-m1dV4glA,autor,@hectoroliva949,hectoroliva949,1,1,1,,1.0,1.0,0,0,9,0.333,,,,,,,,False,0
UCDQaQv0hr2SS_PO-CMEwVHg,autor,@federicosaquimux1933,federicosaquimux1933,1,1,1,,1.0,1.0,1,0,16,1.0,,,,,,,,False,0
UCDUffaruH6dyUnUGwsTKpgg,autor,@luisletona2842,luisletona2842,1,1,1,,1.0,1.0,2,0,2,0.0,,,,,,,,False,0
UCDftMWXQoJ6nONfY7GVOVjg,autor,@luisgpacheco5858,luisgpacheco5858,1,1,1,,1.0,1.0,0,0,21,0.0,,,,,,,,False,0
UCDlr1VadSucIZgZ171pRBjQ,autor,@cuabatzjj5924,cuabatzjj5924,1,1,1,,1.0,1.0,0,0,2,0.0,,,,,,,,False,0
UCDrmf9y9nLgFY5wnA2hTuGA,autor,@laboratorio5528,laboratorio5528,1,1,1,,1.0,1.0,1,0,9,1.0,,,,,,,,False,0
UCEHXl4VvvVpq-_4xC5tsbhg,autor,@anibalg47,anibalg47,1,1,1,,1.0,1.0,7,0,10,1.0,,,,,,,,False,0
UCEgEQmRbtL5fwr9_DqAC--g,autor,@ArielRodas-g5y,arielrodas-g5y,1,1,1,,1.0,1.0,2,0,4,0.0,,,,,,,,False,0
UCErZPJpHmLCsXs8ZWkAUupQ,autor,@dorisl.garciaroche7763,dorisl.garciaroche7763,1,1,1,,1.0,1.0,2,1,12,0.0,,,,,,,,False,0
UCFFrEmn6lPYiWyElpfzTy5Q,autor,@denilsonlopez4083,denilsonlopez4083,1,1,1,,1.0,1.0,0,0,2,-1.0,,,,,,,,False,0
UCFOxCyF926Y9eHhMeVoWLzw,autor,@arielsarc09,arielsarc09,1,1,1,,1.0,1.0,3,0,8,1.0,,,,,,,,False,1
UCFUuDARXdmmIrLppEqf-rFg,autor,@allanmunoz7410,allanmunoz7410,1,1,1,,1.0,1.0,0,0,2,0.0,,,,,,,,False,0
UCFhxtoeARHPnXXPcDrOU3Xg,autor,@diegoalejandrolopezmendez205,diegoalejandrolopezmendez205,1,1,1,,1.0,1.0,2,0,10,0.0,,,,,,,,False,0
UCFjudnPLoaSL1BaRuLahyHg,autor,@HaroldoCastillo-rh9iw,haroldocastillo-rh9iw,1,3,3,,1.0,1.0,3,0,14,0.0,,,,,,,,False,0
UCFoIAE8k82D6AV-8gjjKaNg,autor,@eddymunoz9789,eddymunoz9789,1,1,1,,1.0,1.0,1,1,24,1.0,,,,,,,,False,0
UCFxE8GbokBrBsPEKM1xrOjQ,autor,@JuanDavila-qd7qj,juandavila-qd7qj,1,1,1,,1.0,1.0,10,0,22,-0.5,,,,,,,,False,0
UCFybmWapGvBKcQod7cPPH9w,autor,@vitalianochavez8382,vitalianochavez8382,1,1,1,,1.0,1.0,1,0,2,0.0,,,,,,,,False,0
UCGGHbtfbbe0o68etrOf0qxw,autor,@karensussetteleonvargas9794,karensussetteleonvargas9794,1,1,1,,1.0,1.0,0,0,1,0.0,,,,,,,,False,0
UCGX_UbAQOXGZknv5iqklwTA,autor,@ronaldgarcia8522,ronaldgarcia8522,1,1,1,,1.0,1.0,1,0,2,0.0,,,,,,,,False,0
UCGZMgmM92E3njyXNe9-kjAQ,autor,@pasionpornada,pasionpornada,1,1,1,,1.0,1.0,2,1,9,0.0,,,,,,,,False,2
UCGj2v6Gl5bN8NSrzJMXS-CA,autor,@juliogutierrez492,juliogutierrez492,1,1,1,,1.0,1.0,0,0,15,1.0,,,,,,,,False,0
UCGm3gRBEHGRJYmtCryZLtDw,autor,@JoséLopez-g6k,jos%c3%a9lopez-g6k,1,1,1,,1.0,1.0,0,0,7,0.0,,,,,,,,False,0
UCGqKxQS-z3NZzZF-2w338AA,autor,@samuelaguilar529,samuelaguilar529,1,1,1,,1.0,1.0,211,3,5,0.0,,,,,,,,False,1
UCGzXwyCzMzGmjmCbH3Hg01Q,autor,@FidelZacarias-ph7dy,fidelzacarias-ph7dy,1,1,1,,1.0,1.0,2,0,8,-1.0,,,,,,,,False,0
UCHGd14aYuZZShLD73dkk6mg,autor,@noemiherrera3152,noemiherrera3152,1,1,1,,1.0,1.0,0,0,1,1.0,,,,,,,,False,4
UCHMQ_lDhibZ-XZ_3fo6oxwg,autor,@crislexrubi4387,crislexrubi4387,1,1,1,,1.0,1.0,16,0,3,0.0,,,,,,,,False,1
UCHbwIx9pmQuf7i-4_xO2EpA,autor,@caminoseternos752,caminoseternos752,1,1,1,,1.0,1.0,0,0,7,0.333,,,,,,,,False,0
UCHhHUjaMAZ8SiXdCUCj9DkQ,autor,@fredymendez1786,fredymendez1786,1,2,2,,1.0,1.0,3,0,31,0.167,,,,,,,,False,0
UCHu8x4MVkayU6VgwVKd--MQ,autor,@Hernandez-i1o,hernandez-i1o,1,1,1,,1.0,1.0,1,0,17,0.0,,,,,,,,False,0
UCIUhbSCy3-SGRe5UtqM4fzQ,autor,@jeanmorales1677,jeanmorales1677,1,1,1,,1.0,1.0,1,0,16,-1.0,,,,,,,,False,1
UCIXLDYqR_syskKRJy_x9W9Q,autor,@carlitosramirez4739,carlitosramirez4739,1,1,1,,1.0,1.0,0,0,1,0.0,,,,,,,,False,0
UCIgoiXdIKJyUGmUoH2Lxdzg,autor,@susievidal4134,susievidal4134,1,1,1,,1.0,1.0,3,0,16,0.0,,,,,,,,False,2
UCIp19h9igblA2YKfSLPDAug,autor,@JoseReyes-rn6sh,josereyes-rn6sh,1,1,1,,1.0,1.0,14,1,6,0.0,,,,,,,,False,1
UCJp3OrVYcBorC94sKwdch_A,autor,@ULJoshmg2011,uljoshmg2011,1,1,1,,1.0,1.0,0,0,84,0.0,,,,,,,,False,0
UCJxJC56BSAX-ArD0NAb9qnQ,autor,@alfonsowilian9157,alfonsowilian9157,1,1,1,,1.0,1.0,0,0,5,0.0,,,,,,,,False,5
UCKDR0f2fu2UzWL8mBv5-BHw,autor,@mireyamorales6595,mireyamorales6595,1,1,1,,1.0,1.0,0,0,65,-0.6,,,,,,,,False,0
UCKVzDUqbtdSMBcexaEtMmzQ,autor,@rotorairgroup8409,rotorairgroup8409,1,1,1,,1.0,1.0,0,0,17,0.0,,,,,,,,False,3
UCL13XhnRzbGokEkCkEOb0-g,autor,@raquelprado3643,raquelprado3643,1,2,2,,1.0,1.0,8,0,12,0.0,,,,,,,,False,0
UCL1MT278vSaQ83ZDkVWn1gw,autor,@elmorodriguez6978,elmorodriguez6978,1,1,1,,1.0,1.0,20,0,31,-1.0,,,,,,,,False,0
UCLFdHr9BEbXHkoJopbEPLZw,autor,@kanterra4584,kanterra4584,1,2,2,,1.0,1.0,24,0,25,0.0,,,,,,,,False,0
UCLXYp1Cvc5DLtq5UQL5D9vw,autor,@jorgecifuentes-m5g,jorgecifuentes-m5g,1,1,1,,1.0,1.0,3,1,1,0.0,,,,,,,,False,0
UCLggDc_a5HriXv7I1h02sOA,autor,@guillermogonzalez5153,guillermogonzalez5153,1,2,2,,1.0,1.0,7,0,12,0.0,,,,,,,,False,0
UCLh1Kde4_vI1sTZBkTNP7RQ,autor,@JoelReynoso-d4r,joelreynoso-d4r,1,1,1,,1.0,1.0,0,0,0,0.0,,,,,,,,False,0
UCN2N_wYOw6fMwCeSzdXLPIw,autor,@danielantoniogonzalezflore4901,danielantoniogonzalezflore4901,1,1,1,,1.0,1.0,0,0,26,1.0,,,,,,,,False,0
UCN6qbfPSzFtjhqUDZ3Cv3CQ,autor,@carlosmedranovelasquez6380,carlosmedranovelasquez6380,1,1,1,,1.0,1.0,2,0,9,-1.0,,,,,,,,False,0
UCNBnKqWf4d-rS4HwJRQljmQ,autor,@LE_A22,le_a22,1,2,2,,1.0,1.0,1,0,43,0.0,,,,,,,,False,0
UCNIeXbV_mEwpa412h1aqUWw,autor,@juandeleon9060,juandeleon9060,1,3,3,,1.0,1.0,3,1,16,0.0,,,,,,,,False,0
UCNiMNUJvaRJb0_QLClqwVnA,autor,@Santiago.Nolasco,santiago.nolasco,1,1,1,,1.0,1.0,2,0,2,1.0,,,,,,,,False,3
UCNkcuy42zEwddwEcOd_HpnA,autor,@vanigomez492,vanigomez492,1,1,1,,1.0,1.0,3,0,10,-1.0,,,,,,,,False,0
UCNpt5CQlTzNjlAKY6CJtClQ,autor,@eustaquiogomez9975,eustaquiogomez9975,1,1,1,,1.0,1.0,0,0,4,0.0,,,,,,,,False,0
UCO0zwwLWGyDgQmWPJ5Qrr1w,autor,@elsalvador3605,elsalvador3605,1,1,1,,1.0,1.0,3,0,4,-1.0,,,,,,,,False,0
UCOARn3hnfkB7-_Rwa8Hoqcw,autor,@nicelol5241,nicelol5241,1,1,1,,1.0,1.0,0,0,14,0.0,,,,,,,,False,0
UCOLGv5Pf6BF2wFcwUzgcvHg,autor,@welfrealdana5559,welfrealdana5559,1,2,2,,1.0,1.0,4,0,19,0.0,,,,,,,,False,0
UCOLHH4ZpMxPYF-Q6e6wvn5A,autor,@luisroldan7374,luisroldan7374,1,1,1,,1.0,1.0,2,1,6,0.0,,,,,,,,False,2
UCOS8ViEkccrTZx2w2ccxotA,autor,@OscarHernandez-q8y,oscarhernandez-q8y,1,1,1,,1.0,1.0,4,0,1,0.0,,,,,,,,False,0
UCOY3XpD9qMCRSA8AA8c4CAw,autor,@franciscorodas9686,franciscorodas9686,1,1,1,,1.0,1.0,1,0,8,1.0,,,,,,,,False,0
UCOcUI5XkTYNMSFhZNMIPpGg,autor,@hendersonlopez3864,hendersonlopez3864,1,1,1,,1.0,1.0,3,0,39,0.0,,,,,,,,False,0
UCOh6DaZC_x9HASnlRylEMfw,autor,@AndresMedina-v1s,andresmedina-v1s,1,1,1,,1.0,1.0,0,0,13,-1.0,,,,,,,,False,0
UCPLW0HE3siElqCgXfgWxMqg,autor,@elizabethmonterroso7719,elizabethmonterroso7719,1,1,1,,1.0,1.0,0,0,14,0.0,,,,,,,,False,7
UCPNXmbOBVeC4HS-xemvcPtQ,autor,@BelkisRodriguezRamirez,belkisrodriguezramirez,1,1,1,,1.0,1.0,2,3,13,-1.0,,,,,,,,False,2
UCPZueDLrCS4BmTBRMA4q0fA,autor,@kevinochoa3695,kevinochoa3695,1,1,1,,1.0,1.0,1,1,24,1.0,,,,,,,,False,0
UCQIdKuZ-OzuFqy0KjGrgesg,autor,@lyacausa,lyacausa,1,1,1,,1.0,1.0,1,0,3,0.0,,,,,,,,False,4
UCQM2tCKRRytVDRxNUfCDqQQ,autor,@elioelias7267,elioelias7267,1,1,1,,1.0,1.0,0,0,0,1.0,,,,,,,,False,8
UCQMMuADgqWUOcJpLwHOzC-g,autor,@Ripped-Yoda,ripped-yoda,1,1,1,,1.0,1.0,0,0,9,0.0,,,,,,,,False,2
UCQ_-LPP8JAbfkc-b1Q6NvWw,autor,@MegaKristenstewart,megakristenstewart,1,2,2,,1.0,1.0,31,0,14,-1.0,,,,,,,,False,0
UCQgYjVngJRfPHDLGB5X6ZjA,autor,@oscarnavas9996,oscarnavas9996,1,1,1,,1.0,1.0,0,0,5,-1.0,,,,,,,,False,0
UCQqetiwzzmRNTM5OWuXarGQ,autor,@isaiaslopezvelasquez1539,isaiaslopezvelasquez1539,1,1,1,,1.0,1.0,1,0,2,0.0,,,,,,,,False,0
UCQqlPPUGqAfWjd-FSh_qn7Q,autor,@estuardoargueta137,estuardoargueta137,1,1,1,,1.0,1.0,0,0,10,0.0,,,,,,,,False,0
UCQtICyzWmhC5woCtbNgaSmg,autor,@nestormendez6216,nestormendez6216,1,2,2,,1.0,1.0,5,0,26,0.0,,,,,,,,False,0
UCQtSFINs1h6GHkpg9o5kMvg,autor,@MacarioMartinezruiz,macariomartinezruiz,1,1,1,,1.0,1.0,12,0,7,1.0,,,,,,,,False,0
UCQyOePccUP-fIJYzchAgZYw,autor,@aguilar4254,aguilar4254,1,1,1,,1.0,1.0,0,0,8,0.0,,,,,,,,False,0
UCRAquv8el-tQ30bN7MlmySQ,autor,@iamjimalesssa,iamjimalesssa,1,1,1,,1.0,1.0,4,0,7,0.0,,,,,,,,False,0
UCRETAiYdh2dL5ZxB0_N1zDA,autor,@Joseroland21,joseroland21,1,1,1,,1.0,1.0,0,0,7,1.0,,,,,,,,False,0
UCRcSR3Lvn9DZAmJpVPANfZQ,autor,@WalksandSuch,walksandsuch,1,1,1,,1.0,1.0,68,0,2,0.0,,,,,,,,False,1
UCRelkU8JiZBytTzebJxaa-w,autor,@danyraymundo2942,danyraymundo2942,1,1,1,,1.0,1.0,3,0,6,-1.0,,,,,,,,False,0
UCRfkkatKrNtAARnXMMYBGlA,autor,@BernerSoza-mg3vx,bernersoza-mg3vx,1,1,1,,1.0,1.0,0,0,8,-1.0,,,,,,,,False,0
UCRlCV9zSn7avAWh-9_XFWqQ,autor,@ronyarana8849,ronyarana8849,1,1,1,,1.0,1.0,1,0,6,-1.0,,,,,,,,False,0
UCRvPToDkkumha7WJAfCDk1A,autor,@ligiaguerra3057,ligiaguerra3057,1,1,1,,1.0,1.0,0,0,1,-1.0,,,,,,,,False,0
UCRznz9-N3Qc1w-qNdLSIY2Q,autor,@jimmygomez724,jimmygomez724,1,1,1,,1.0,1.0,14,0,4,1.0,,,,,,,,False,1
UCSTAUWVc1_82DHYeqOsqEFA,autor,@TheAlexX_C,thealexx_c,1,1,1,,1.0,1.0,191,2,6,0.0,,,,,,,,False,1
UCSou6a2OuYGSvPjm5psquyA,autor,@FranciscoRivera-sf7ne,franciscorivera-sf7ne,1,1,1,,1.0,1.0,0,0,2,0.0,,,,,,,,False,0
UCTD6q1nyIe3Y7HhqjaMj72w,autor,@JuanChang-r6k,juanchang-r6k,1,1,1,,1.0,1.0,8,0,5,0.0,,,,,,,,False,0
UCTP3O0rMnc8z8v8jaDQwL0w,autor,@RobertoZelaya-x1v,robertozelaya-x1v,1,1,1,,1.0,1.0,1,0,21,0.0,,,,,,,,False,0
UCTTILH6QCIxbTnEWxwRqs1g,autor,@3762Jorge,3762jorge,1,1,1,,1.0,1.0,0,0,4,0.0,,,,,,,,False,0
UCThW2XNsAaBKme5PUt7n-Zg,autor,@thelmamoran8565,thelmamoran8565,1,1,1,,1.0,1.0,0,0,12,-1.0,,,,,,,,False,0
UCTwSut16JyAg3mX6LVUNGqA,autor,@SuperVictor2005,supervictor2005,1,1,1,,1.0,1.0,0,0,37,0.0,,,,,,,,False,0
UCTylKrsqkrBKIqubMu_5N0Q,autor,@edwingeovanymarroquinmarro6684,edwingeovanymarroquinmarro6684,1,1,1,,1.0,1.0,1,0,3,0.0,,,,,,,,False,0
UCUIIIPTVDVHAXqhC_5V6lPA,autor,@gorrarota,gorrarota,1,1,1,,1.0,1.0,0,0,19,0.0,,,,,,,,False,0
UCUoYsrx1oZnCZ0usbBJn4fA,autor,@AnaDiaz-re9sq,anadiaz-re9sq,1,1,1,,1.0,1.0,1,0,7,1.0,,,,,,,,False,0
UCV0iizTBoOfdAFX_thfI9BA,autor,@BenjaminLarios-jd8nk,benjaminlarios-jd8nk,1,1,1,,1.0,1.0,0,0,7,-1.0,,,,,,,,False,0
UCV0lM03g5fg5pbPj97-sAtA,autor,@genarodelgado3929,genarodelgado3929,1,1,1,,1.0,1.0,1,0,9,1.0,,,,,,,,False,0
UCV3fr-YOixFKCZBbJP1-X4w,autor,@albertoshernandez5251,albertoshernandez5251,1,5,5,,1.0,1.0,17,0,45,0.8,,,,,,,,False,0
UCVC2QugcI1G4RvlCiUqd1aQ,autor,@rwdm76,rwdm76,1,2,2,,1.0,1.0,0,0,2,1.0,,,,,,,,False,0
UCVQf0tzL7xRzFJsABVVULpg,autor,@DennisseLopetegi,dennisselopetegi,1,1,1,,1.0,1.0,0,0,22,0.333,,,,,,,,False,0
UCVdjCrh4tQoX3haNAZv-n5A,autor,@aurahernandez5646,aurahernandez5646,1,1,1,,1.0,1.0,3,1,6,1.0,,,,,,,,False,2
UCVhif9eV0f8plICen2DnpKA,autor,@blogarteplus,blogarteplus,1,1,1,,1.0,1.0,0,0,11,1.0,,,,,,,,False,0
UCW-JC6lebVmf2P1dmY_L94g,autor,@dinoraoroxon5771,dinoraoroxon5771,1,1,1,,1.0,1.0,0,0,15,1.0,,,,,,,,False,0
UCW80DaMjQlEUibC98Cot-Dg,autor,@rogeraldana4289,rogeraldana4289,1,1,1,,1.0,1.0,0,0,14,-1.0,,,,,,,,False,0
UCWIZUtKJ636y-4TYrNvok0g,autor,@cesarandreas7824,cesarandreas7824,1,1,1,,1.0,1.0,5,0,7,0.0,,,,,,,,False,0
UCWWkebAekppaL5b5CNlppuw,autor,@ninettmartinez425,ninettmartinez425,1,1,1,,1.0,1.0,3,0,7,-1.0,,,,,,,,False,4
UCWaRixDdpgllTBf4V0jPnKQ,autor,@hectormaaz5523,hectormaaz5523,1,2,2,,1.0,1.0,0,0,35,-0.667,,,,,,,,False,0
UCWoAVGVqCn4xtINCMOTM4jg,autor,@OmarMartinez-vv8re,omarmartinez-vv8re,1,1,1,,1.0,1.0,0,0,22,-1.0,,,,,,,,False,0
UCWvntqPQx99k_Z_skWKqNSA,autor,@AntonioChiyal-x5s,antoniochiyal-x5s,1,1,1,,1.0,1.0,2,1,2,0.0,,,,,,,,False,0
UCXN2s7DwTJm33xO-pNkAdaA,autor,@edithsan7688,edithsan7688,1,1,1,,1.0,1.0,0,0,2,0.0,,,,,,,,False,0
UCXO1BBohNWXkK9SBDAG2ySg,autor,@JBFlute92,jbflute92,1,1,1,,1.0,1.0,0,0,2,1.0,,,,,,,,False,0
UCXSkL3ejZ8qWYyF_M7s_QKA,autor,@JacintaTzoy,jacintatzoy,1,1,1,,1.0,1.0,0,0,9,-1.0,,,,,,,,False,0
UCXVLc8CmAO813ubM-fLvCDw,autor,@herminiasaquimux7565,herminiasaquimux7565,1,1,1,,1.0,1.0,7,0,11,0.0,,,,,,,,False,0
UCXXh7yg5KUFIWylTiKVEFKQ,autor,@MrDuenderojo,mrduenderojo,1,2,2,,1.0,1.0,2,0,12,0.0,,,,,,,,False,0
UCXgr7vXlRrsaskPdo097kGA,autor,@Rogergh-nw4oj,rogergh-nw4oj,1,1,1,,1.0,1.0,0,0,1,0.0,,,,,,,,False,0
UCXl30Y_upRqbti52fmjK4YA,autor,@capitanfrans,capitanfrans,1,1,1,,1.0,1.0,0,0,14,1.0,,,,,,,,False,0
UCXmrpc6Li0spcKxtS0Q_ptg,autor,@melvinperez6710,melvinperez6710,1,1,1,,1.0,1.0,10,0,18,1.0,,,,,,,,False,1
UCXr8_5WtGeipe4haOoQDgyQ,autor,@amyherrera7352,amyherrera7352,1,1,1,,1.0,1.0,0,0,13,0.0,,,,,,,,False,0
UCY7Hq7F9Lnucf-Yr6JkHZNw,autor,@maynorcalel1442,maynorcalel1442,1,1,1,,1.0,1.0,79,0,2,0.0,,,,,,,,False,1
UCYN4wSQ1Sx4_LurxLlW7MPg,autor,@belarminavillatoro6474,belarminavillatoro6474,1,1,1,,1.0,1.0,0,0,54,-0.5,,,,,,,,False,0
UCYwpX26TrCxq8TvbKGRYLXA,autor,@beneficioelcaminovillacana8540,beneficioelcaminovillacana8540,1,1,1,,1.0,1.0,3,0,13,0.0,,,,,,,,False,0
UCZ51R_9Q9C0c8I3pAWhtmjQ,autor,@belvettzapeta1251,belvettzapeta1251,1,1,1,,1.0,1.0,8,0,3,1.0,,,,,,,,False,0
UCZFQwqh90apuL8eFhvRBkUg,autor,@luisricardo9671,luisricardo9671,1,1,1,,1.0,1.0,9,0,31,-1.0,,,,,,,,False,0
UCZIQnb1fkwe39Iw2TAu-bGA,autor,@jorgegomez2237,jorgegomez2237,1,1,1,,1.0,1.0,1,0,11,0.0,,,,,,,,False,0
UCZLG9qH0tUjNhEGFIUt0CYw,autor,@SoniaMarroquin-y6e,soniamarroquin-y6e,1,1,1,,1.0,1.0,1,0,2,-1.0,,,,,,,,False,0
UCZOmq6MwFDVoCaEl99BRRaw,autor,@daniloarevalo3170,daniloarevalo3170,1,1,1,,1.0,1.0,0,0,31,-1.0,,,,,,,,False,0
UCZeIIQrGAedW8tCbKWmGY-A,autor,@mariocordon8873,mariocordon8873,1,1,1,,1.0,1.0,9,0,9,-1.0,,,,,,,,False,0
UCZjm6U576nX8WOiLhmMR3bw,autor,@MariaNavarroYT,marianavarroyt,1,1,1,,1.0,1.0,3,1,2,-1.0,,,,,,,,False,2
UC_3xuTXvMIWU5MYP9HkJ3vQ,autor,@Historia-wm4os,historia-wm4os,1,1,1,,1.0,1.0,4,0,5,1.0,,,,,,,,False,0
UC_6KbBY1bsYXz9fwFS0eQRg,autor,@imrcp5694,imrcp5694,1,1,1,,1.0,1.0,0,0,1,0.0,,,,,,,,False,0
UC_LYoGs5C3mbZKZuKuqYCvw,autor,@javiercifuentesarchila6041,javiercifuentesarchila6041,1,1,1,,1.0,1.0,7,0,1,0.0,,,,,,,,False,0
UC_NRVt2UP88ZNTwzrZ66JSg,autor,@aditalissethevasquezrojas8039,aditalissethevasquezrojas8039,1,1,1,,1.0,1.0,2,0,4,0.0,,,,,,,,False,9
UC_ljZ1hZXR9pzexFz87P5ZA,autor,@ChRiStOpHeR7969,christopher7969,1,1,1,,1.0,1.0,0,0,13,0.0,,,,,,,,False,1
UCa36MjQLoPAmgJo-R3G8WQA,autor,@elsasalguero6914,elsasalguero6914,1,1,1,,1.0,1.0,3,0,4,1.0,,,,,,,,False,0
UCaKAjTW9MVub_clgr4DRYjQ,autor,@josecastillo4390,josecastillo4390,1,1,1,,1.0,1.0,6,0,2,0.0,,,,,,,,False,0
UCaT4saRcyqCLE657Rq2hhZQ,autor,@elmilenial4064,elmilenial4064,1,1,1,,1.0,1.0,0,0,3,1.0,,,,,,,,False,0
UCaT6M2zp7X6r6Whd8Vv3kHQ,autor,@alexarcos8349,alexarcos8349,1,1,1,,1.0,1.0,1,0,5,0.0,,,,,,,,False,1
UCat2qkYvqmtDNEmo2PVuhXw,autor,@DoraSalas-j5o,dorasalas-j5o,1,1,1,,1.0,1.0,1,0,5,0.0,,,,,,,,False,2
UCbNanjFI51cwGqMAb2rOrBw,autor,@RosaMontesdeOca777,rosamontesdeoca777,1,1,1,,1.0,1.0,0,0,11,1.0,,,,,,,,False,2
UCbYoNG5J3Au5BqtbXogfEFw,autor,@Luis-gn3fj,luis-gn3fj,1,1,1,,1.0,1.0,1,0,0,0.0,,,,,,,,False,0
UCcFIBN-rtC3d3hXeuN5TfWw,autor,@DenisRMC,denisrmc,1,1,1,,1.0,1.0,0,0,18,1.0,,,,,,,,False,0
UCc_F88PzGWtA1OPNUEASulA,autor,@rockyscarlet,rockyscarlet,1,1,1,,1.0,1.0,0,0,11,0.0,,,,,,,,False,0
UCcfdg8crmMJwEuLUsAhV7yg,autor,@RolandoRaguay,rolandoraguay,1,1,1,,1.0,1.0,1,0,17,0.0,,,,,,,,False,0
UCdQAuWwyC99MB7Y02Umj26Q,autor,@miguelbran1268,miguelbran1268,1,1,1,,1.0,1.0,0,0,29,0.0,,,,,,,,False,0
UCe8JZoYkX5oKUZyivHYdXhw,autor,@FernandoGarcia-jg1fj,fernandogarcia-jg1fj,1,1,1,,1.0,1.0,0,0,21,-1.0,,,,,,,,False,0
UCeDNEtI8_a42bZ47wJiJMwQ,autor,@EdgarcalderonCalderong,edgarcalderoncalderong,1,1,1,,1.0,1.0,0,0,3,0.0,,,,,,,,False,0
UCeQk-WfEA-cJRq4EKeE7TOw,autor,@franciscojuarez9223,franciscojuarez9223,1,1,1,,1.0,1.0,0,0,19,-1.0,,,,,,,,False,0
UCefAH1MbvADWUjE9WVcB9EQ,autor,@jabriz8152,jabriz8152,1,1,1,,1.0,1.0,0,0,10,0.0,,,,,,,,False,0
UCf5lnNZF7Qrtli9v4N_23WQ,autor,@CarlosCortez-v5r,carloscortez-v5r,1,1,1,,1.0,1.0,0,0,5,0.0,,,,,,,,False,0
UCfM3nrxtTQMY5jFx1v1J4Gg,autor,@edgarroldan5539,edgarroldan5539,1,1,1,,1.0,1.0,0,0,10,-1.0,,,,,,,,False,0
UCfRqgt2O-vjzUDMZY_tnxQw,autor,@Williams-Garcia67E,williams-garcia67e,1,1,1,,1.0,1.0,0,0,4,0.0,,,,,,,,False,0
UCfXykdbSU97rj987LDUGfvg,autor,@MariaSantos-c8y3h,mariasantos-c8y3h,1,1,1,,1.0,1.0,1,0,1,0.0,,,,,,,,False,0
UCfjhejO7LZy4doXURa7LZCQ,autor,@HonwayLee-z5g,honwaylee-z5g,1,1,1,,1.0,1.0,0,0,0,0.0,,,,,,,,False,0
UCfo_yUPzy1f1POwwZxhZ06Q,autor,@lara11roberto,lara11roberto,1,1,1,,1.0,1.0,1,0,20,0.0,,,,,,,,False,0
UCg3eIfd7BrsLEqS0BLkftHA,autor,@ErmePérez-q4s,ermep%c3%a9rez-q4s,1,3,3,,1.0,1.0,0,0,21,0.0,,,,,,,,False,0
UCgGqw4aqMdMVSGkKiMgrJRQ,autor,@pattyfigueroa5609,pattyfigueroa5609,1,1,1,,1.0,1.0,0,0,6,1.0,,,,,,,,False,0
UCgJNFj5dnxXpcMvmuhZDPxA,autor,@NataliaRodriguez-rx5mr,nataliarodriguez-rx5mr,1,1,1,,1.0,1.0,1,0,1,1.0,,,,,,,,False,0
UCgLrWFdYitoP-b7-PxtUr-w,autor,@zetag,zetag,1,1,1,,1.0,1.0,405,3,2,0.0,,,,,,,,False,1
UCgLurCo-e019HGODcjXHWCw,autor,@perritojuega1,perritojuega1,1,1,1,,1.0,1.0,2,0,2,1.0,,,,,,,,False,1
UCgQJgI9vu1FI2dnC9mrFthw,autor,@srms70,srms70,1,1,1,,1.0,1.0,2,0,3,0.0,,,,,,,,False,0
UCgQw_Sbq3ugruDUKsq1e0-A,autor,@marlenareano-h4t,marlenareano-h4t,1,1,1,,1.0,1.0,0,0,6,-1.0,,,,,,,,False,0
UCgvw7xIdGFupzpt1Y_BFkEA,autor,@fredygarcia9151,fredygarcia9151,1,1,1,,1.0,1.0,1,0,3,1.0,,,,,,,,False,0
UCh5ESQvtzyHDhCA7XyekCFA,autor,@andyB5280,andyb5280,1,3,3,,1.0,1.0,4,0,19,-0.667,,,,,,,,False,0
UChT7pzGytNd92Nmvi-zuWog,autor,@sparkvalkov,sparkvalkov,1,1,1,,1.0,1.0,1,0,2,0.0,,,,,,,,False,0
UChZknRmJkeGeQk0-mQuhDOg,autor,@OdilioRodríguez-c5w,odiliorodr%c3%adguez-c5w,1,1,1,,1.0,1.0,1,0,10,0.0,,,,,,,,False,0
UCheEJ5GZuIvV0fj-nXyVwXw,autor,@rosaoliva9389,rosaoliva9389,1,1,1,,1.0,1.0,0,0,3,0.0,,,,,,,,False,0
UChep9kVb5gQmpodEEl10Xlg,autor,@carlosaguilar-kz7ml,carlosaguilar-kz7ml,1,1,1,,1.0,1.0,0,0,7,0.0,,,,,,,,False,0
UChgkn5Jt5tWKYMoEOuCjz3Q,autor,@pablochitay46,pablochitay46,1,1,1,,1.0,1.0,2,0,3,0.0,,,,,,,,False,0
UChs3tU2BcKOT0CezykvAsGw,autor,@byronpontaza,byronpontaza,1,3,3,,1.0,1.0,4,0,27,-0.333,,,,,,,,False,0
UChyps3dqY-VY1_wLeq-2lhw,autor,@maydamorales4395,maydamorales4395,1,1,1,,1.0,1.0,14,1,25,0.0,,,,,,,,False,0
UCi-vPdnpQreC7BkFs40mJGA,autor,@bryansicasales4280,bryansicasales4280,1,1,1,,1.0,1.0,35,0,5,1.0,,,,,,,,False,1
UCi1b_TRQfgO1Z9O2gNGGWNA,autor,@davidisraelesquitsaquil,davidisraelesquitsaquil,1,2,2,,1.0,1.0,0,0,68,0.333,,,,,,,,False,0
UCi2KiZq63sRq8Mfbcp-MelQ,autor,@eugeneramirez4405,eugeneramirez4405,1,6,6,,1.0,1.0,1,0,50,0.0,,,,,,,,False,2
UCiC-Jn7wdgyQV4_Urk0DkWQ,autor,@pedroros6358,pedroros6358,1,1,1,,1.0,1.0,1,0,14,0.0,,,,,,,,False,0
UCiGRBf2RNF0WRKhRVT7zFoA,autor,@edwinavila4876,edwinavila4876,1,1,1,,1.0,1.0,0,0,18,0.0,,,,,,,,False,0
UCiMythXHsw7eQEMykCdmMUA,autor,@JavierBecerra-h6x,javierbecerra-h6x,1,1,1,,1.0,1.0,2,0,8,0.0,,,,,,,,False,0
UCiOZX__1gahg1ypIj0_XG_w,autor,@mariogonzalezorellana8956,mariogonzalezorellana8956,1,1,1,,1.0,1.0,1,0,1,0.0,,,,,,,,False,0
UCipetjeiWj4CZB6EbyYziZg,autor,@OseasSamayoa-ol5rz,oseassamayoa-ol5rz,1,1,1,,1.0,1.0,0,0,8,-1.0,,,,,,,,False,0
UCj-LL25XJnjxepPKCc3NGog,autor,@anaaguirre8985,anaaguirre8985,1,1,1,,1.0,1.0,1,0,27,1.0,,,,,,,,False,0
UCjJf-AJKRFFWtiN-CSwkDmA,autor,@2jose82,2jose82,1,1,1,,1.0,1.0,0,0,20,0.0,,,,,,,,False,0
UCjSKM9j0Q7HLDr1hD6D-TUw,autor,@josehidalgo4875,josehidalgo4875,1,1,1,,1.0,1.0,2,0,31,0.0,,,,,,,,False,0
UCjmPuazZJzscrwvk0QR9RVw,autor,@mynorrodas8591,mynorrodas8591,1,1,1,,1.0,1.0,2,0,12,-0.333,,,,,,,,False,0
UCk4O-J1BhoqPmig1KLGJePA,autor,@lazarobarillas3575,lazarobarillas3575,1,1,1,,1.0,1.0,0,0,5,0.0,,,,,,,,False,0
UCkVtmkK07b2zaVVNssX4lOg,autor,@HectorElias-u2l,hectorelias-u2l,1,1,1,,1.0,1.0,0,0,3,-1.0,,,,,,,,False,0
UCkbsS_3D-pvg1iHOld9uvIg,autor,@gonzalo6075,gonzalo6075,1,1,1,,1.0,1.0,0,0,7,-1.0,,,,,,,,False,0
UCkd9W714-947dEE6ZOEBATA,autor,@ARGELIATELON,argeliatelon,1,2,2,,1.0,1.0,3,0,33,0.0,,,,,,,,False,0
UCkxdJ_yGN2gghOMo2ybQtXQ,autor,@11223344An,11223344an,1,1,1,,1.0,1.0,1,0,5,0.0,,,,,,,,False,0
UCl0ekS9Tt0jJGtOEM18S63w,autor,@monkchapin,monkchapin,1,1,1,,1.0,1.0,0,0,1,0.0,,,,,,,,False,0
UCld2stqxaVSk0QdGncM224A,autor,@sarahernandez3873,sarahernandez3873,1,1,1,,1.0,1.0,4,0,16,1.0,,,,,,,,False,3
UClhMWQ7XKWywYvbRnuf8QsA,autor,@EcPerez-zz9oh,ecperez-zz9oh,1,1,1,,1.0,1.0,0,0,2,0.0,,,,,,,,False,0
UCljDbleJul41G1TzOjOZAVA,autor,@hectorcarranza3777,hectorcarranza3777,1,1,1,,1.0,1.0,1,0,20,-1.0,,,,,,,,False,0
UClqA491Xa5fQcXcJJa-vTWw,autor,@AndresLemus-k2d,andreslemus-k2d,1,1,1,,1.0,1.0,0,0,10,-1.0,,,,,,,,False,0
UClsrFGJKWPxxw7MiaEdKLXw,autor,@ericapaz5406,ericapaz5406,1,1,1,,1.0,1.0,3,2,19,0.0,,,,,,,,False,0
UCmjppp6ujz3SAnULvP3sZMw,autor,@marcomendez7509,marcomendez7509,1,1,1,,1.0,1.0,0,0,13,-1.0,,,,,,,,False,0
UCmvOgzmmXbjUthHy-WJ52hQ,autor,@mariorodas593,mariorodas593,1,1,1,,1.0,1.0,1,0,3,0.0,,,,,,,,False,0
UCnU8wO1OurAmGstDw6VGjgQ,autor,@cmorera21,cmorera21,1,1,1,,1.0,1.0,0,0,110,0.6,,,,,,,,False,0
UCoGdCoJg2Lh0OX_jv6cG16g,autor,@Israel-u5i7i,israel-u5i7i,1,2,2,,1.0,1.0,2,0,3,0.0,,,,,,,,False,0
UColMq7LmaoY3MT6aIDGrGvA,autor,@quijotachapina1,quijotachapina1,1,1,1,,1.0,1.0,0,0,9,-1.0,,,,,,,,False,0
UCozFYHN0e_-vlQbX3wQGOug,autor,@jesusguzman2321,jesusguzman2321,1,1,1,,1.0,1.0,5,2,7,1.0,,,,,,,,False,2
UCp29O_C7cchZV8IxV7Crdag,autor,@robertoescobar5507,robertoescobar5507,1,2,2,,1.0,1.0,0,0,6,0.5,,,,,,,,False,0
UCp4iw5_5SmV9VGTFSNVGOmQ,autor,@CARLOSSTREMS51,carlosstrems51,1,1,1,,1.0,1.0,0,0,15,0.0,,,,,,,,False,0
UCpIdtvoFHVLGASGB5ySqIEA,autor,@VidalVillatoro-p4w,vidalvillatoro-p4w,1,1,1,,1.0,1.0,1,0,12,0.0,,,,,,,,False,0
UCp_dAUfv8i3LW3zWc24dLaQ,autor,@MarioCortez-o6v,mariocortez-o6v,1,1,1,,1.0,1.0,1,0,1,0.0,,,,,,,,False,2
UCpe5jW3MIqkgTJ-PgkzvM6Q,autor,@carloslam5333,carloslam5333,1,1,1,,1.0,1.0,1,0,3,0.0,,,,,,,,False,0
UCpl8rF8uv_8uui-QRvuJaRA,autor,@SergioGarcia-z9c,sergiogarcia-z9c,1,1,1,,1.0,1.0,0,0,9,0.0,,,,,,,,False,0
UCplrIQtaPj6au60_f2-mOYw,autor,@romeolopezherrarte799,romeolopezherrarte799,1,1,1,,1.0,1.0,0,0,6,0.0,,,,,,,,False,0
UCq3mDTTRZnUybct5M9OSXbg,autor,@MacoMorales-i2i2d,macomorales-i2i2d,1,1,1,,1.0,1.0,1,0,2,0.0,,,,,,,,False,0
UCqCrvuoJpC-aVb0f4logQRQ,autor,@Lyrics_GT,lyrics_gt,1,1,1,,1.0,1.0,0,0,14,0.0,,,,,,,,False,0
UCqilIa8r7iek5sGYg_q6ofA,autor,@rolandojuchuna484,rolandojuchuna484,1,1,1,,1.0,1.0,52,1,8,1.0,,,,,,,,False,1
UCql1n3Ey6ULMSOACjMe-fxQ,autor,@RolandoGonzalez-o7g,rolandogonzalez-o7g,1,1,1,,1.0,1.0,6,7,11,0.0,,,,,,,,False,0
UCr1emrogPKkKTs_WTtx71xg,autor,@domingopeneleu6457,domingopeneleu6457,1,1,1,,1.0,1.0,0,0,3,0.0,,,,,,,,False,0
UCrJn_rbo_ENAdeqneS-RmRw,autor,@josecarrera9623,josecarrera9623,1,2,2,,1.0,1.0,1,0,29,0.0,,,,,,,,False,0
UCrqXyRsg-_hTosURZ-uvoKg,autor,@flornolberto2425,flornolberto2425,1,1,1,,1.0,1.0,0,0,14,0.0,,,,,,,,False,2
UCsGoJEvb-cFPZ2rWoJcXzEQ,autor,@sergiohinestroza9709,sergiohinestroza9709,1,1,1,,1.0,1.0,10,0,5,1.0,,,,,,,,False,0
UCsJJAvrVGupdmhOqgtDp8dg,autor,@nestorlorenzana1168,nestorlorenzana1168,1,1,1,,1.0,1.0,1,0,7,-1.0,,,,,,,,False,0
UCsSXdJct-nsS8DsABoEsaYA,autor,@IvánPérez-j4j,iv%c3%a1np%c3%a9rez-j4j,1,1,1,,1.0,1.0,2,1,13,0.0,,,,,,,,False,0
UCs_5qeqdku9tGAq22y3OcuQ,autor,@alexandrevasquez4135,alexandrevasquez4135,1,1,1,,1.0,1.0,4,0,16,0.0,,,,,,,,False,1
UCsjs5Hp_r86x1xbK6FAeqaA,autor,@alvaroesquivel563,alvaroesquivel563,1,1,1,,1.0,1.0,2,0,14,-1.0,,,,,,,,False,0
UCtCtts20bW6F9CSohau51Iw,autor,@carlosgranados9875,carlosgranados9875,1,2,2,,1.0,1.0,0,0,23,1.0,,,,,,,,False,0
UCtMBF_1O2jY2INlb_luuB_A,autor,@mynorgudiel8646,mynorgudiel8646,1,1,1,,1.0,1.0,15,0,9,0.0,,,,,,,,False,1
UCtNfIBnc5S5DbbQj_yxgJTw,autor,@JosueRamirez-ey3ih,josueramirez-ey3ih,1,1,1,,1.0,1.0,1,0,1,0.0,,,,,,,,False,0
UCtNyHmRZtvGF2hSvI2dUBWw,autor,@aureliomaldonado4793,aureliomaldonado4793,1,2,2,,1.0,1.0,1,0,18,0.5,,,,,,,,False,0
UCtUR3_CAiE7fCoZHM6cMfyQ,autor,@mdelcid01,mdelcid01,1,1,1,,1.0,1.0,10,0,6,0.0,,,,,,,,False,0
UCtiHFjFu7d5v2XxHnKFUYig,autor,@Paul-gf7ec,paul-gf7ec,1,1,1,,1.0,1.0,0,0,8,0.0,,,,,,,,False,2
UCtowGNY2lnlg6O2CkwDgkLg,autor,@taniagabrielacelis8434,taniagabrielacelis8434,1,1,1,,1.0,1.0,2,0,9,1.0,,,,,,,,False,3
UCtsxPYw8VUsH_FfnKg-0lmw,autor,@AlejandroPérez-b6r,alejandrop%c3%a9rez-b6r,1,1,1,,1.0,1.0,2,0,3,0.0,,,,,,,,False,0
UCu8_3-Wg-YzNyvHYQDEscfw,autor,@RolandoCastroPérez-d7y,rolandocastrop%c3%a9rez-d7y,1,1,1,,1.0,1.0,2,0,5,1.0,,,,,,,,False,0
UCuP4UK33HKtJE_S39ksmaTw,autor,@herbertaguilar1387,herbertaguilar1387,1,1,1,,1.0,1.0,0,0,12,-1.0,,,,,,,,False,0
UCuXmOjxC-htcprLgeVXz6Tg,autor,@jorgeaguilar-bq3uj,jorgeaguilar-bq3uj,1,1,1,,1.0,1.0,1,0,22,0.0,,,,,,,,False,0
UCueV9cTyTDwgQSec1x2dYgA,autor,@fredydomingo7062,fredydomingo7062,1,1,1,,1.0,1.0,0,0,5,0.0,,,,,,,,False,0
UCujPF2nBgsTD62nWE3lcpIg,autor,@victorarturoruanobautista7588,victorarturoruanobautista7588,1,1,1,,1.0,1.0,0,0,4,0.0,,,,,,,,False,0
UCusjriFsDHEc2AOjqk-p5ig,autor,@pablobarrios7931,pablobarrios7931,1,1,1,,1.0,1.0,2,0,30,0.0,,,,,,,,False,0
UCut6b9S98nv84cVX89PmKzA,autor,@yeniferaguirre4498,yeniferaguirre4498,1,2,2,,1.0,1.0,1,0,52,-0.5,,,,,,,,False,0
UCvApqeCbLod-wejtT4CcVuA,autor,@davidgaher9550,davidgaher9550,1,1,1,,1.0,1.0,15,0,8,-1.0,,,,,,,,False,0
UCvDwJBBY1mHK70aTEYl6rsA,autor,@cristianescobedo8296,cristianescobedo8296,1,1,1,,1.0,1.0,1,0,20,0.0,,,,,,,,False,0
UCvl1tzQeBeGy6efPTRJXSCw,autor,@RaulPerez-cw2vi,raulperez-cw2vi,1,1,1,,1.0,1.0,0,0,11,0.0,,,,,,,,False,0
UCwCfs-2zbD5k0lG-UVg_JBw,autor,@JessicaHuaz-96,jessicahuaz-96,1,1,1,,1.0,1.0,0,0,3,1.0,,,,,,,,False,0
UCwEe1RKlEv1UpNWmWYfSh4w,autor,@marioramirez299,marioramirez299,1,1,1,,1.0,1.0,0,0,17,-1.0,,,,,,,,False,0
UCwO2SXr0ggzwg6QWWrr01nQ,autor,@ricardofigueroa5720,ricardofigueroa5720,1,1,1,,1.0,1.0,11,0,2,0.0,,,,,,,,False,0
UCwUAv3_LpWVtTIi7lkmTL7A,autor,@kingr4706,kingr4706,1,1,1,,1.0,1.0,16,0,10,1.0,,,,,,,,False,1
UCwW2OFy95P7ZBkOPxWkpvYg,autor,@TeresaLucero-b5o,teresalucero-b5o,1,2,2,,1.0,1.0,2,0,5,0.0,,,,,,,,False,0
UCwgCc9Jd_gG-uLE_SY-FfPg,autor,@armindapenados2841,armindapenados2841,1,1,1,,1.0,1.0,0,0,3,0.0,,,,,,,,False,0
UCwha8rxULYMVtNwZWeSkE1A,autor,@mariasamo8637,mariasamo8637,1,1,1,,1.0,1.0,0,0,6,-1.0,,,,,,,,False,0
UCwjUvRseNtJoItylIyIez7Q,autor,@Silviazea,silviazea,1,1,1,,1.0,1.0,0,0,2,-1.0,,,,,,,,False,0
UCwxoKK59nGCeBqB2sXfDBIw,autor,@vic-bonivideos,vic-bonivideos,1,1,1,,1.0,1.0,0,1,26,-1.0,,,,,,,,False,0
UCxKR3RA8T-kxMgq_2WWhRcQ,autor,@elenaluarca9377,elenaluarca9377,1,1,1,,1.0,1.0,329,5,23,1.0,,,,,,,,False,1
UCxcoDvP-g2_KTZDmVZtvb3w,autor,@angelmartinez9523,angelmartinez9523,1,1,1,,1.0,1.0,0,0,81,0.0,,,,,,,,False,0
UCxff05WuyvwELNITi7bj7UA,autor,@markoherrera,markoherrera,1,1,1,,1.0,1.0,3,0,6,0.0,,,,,,,,False,0
UCxhtlxPV8AYWaNNyU6S9H8Q,autor,@WilR-s8r,wilr-s8r,1,1,1,,1.0,1.0,0,0,11,1.0,,,,,,,,False,2
UCyJhqmMbsvjpoarBBStA2kg,autor,@Murmullodelbarrio,murmullodelbarrio,1,6,6,,1.0,1.0,14,0,44,0.0,,,,,,,,False,0
UCySYJU5kUh7X8gVt9la2ISA,autor,@dantesarti4351,dantesarti4351,1,1,1,,1.0,1.0,0,0,9,0.0,,,,,,,,False,0
UCyW68EGZey4ao_Vf2cR5Ztg,autor,@ZabalaXabier,zabalaxabier,1,1,1,,1.0,1.0,0,0,13,-1.0,,,,,,,,False,0
UCyor0Mmm0ivLX2jIdyGp84Q,autor,@MiguelJordan-n3g,migueljordan-n3g,1,1,1,,1.0,1.0,0,0,7,0.0,,,,,,,,False,5
UCyzf29IYjNw67gGIfsjgtxA,autor,@carlosoliva9249,carlosoliva9249,1,1,1,,1.0,1.0,45,0,16,1.0,,,,,,,,False,1
UCz3gu01bmjNv0DpRq-K3XYg,autor,@eusebiovasquez4385,eusebiovasquez4385,1,2,2,,1.0,1.0,2,0,6,-1.0,,,,,,,,False,0
UCzSfZlOVxBSs5ObD25ywxDQ,autor,@GilmarMaldonado-q9m,gilmarmaldonado-q9m,1,1,1,,1.0,1.0,0,0,30,-1.0,,,,,,,,False,0
UCzoL2l5H5eVlorWGH8AZfAg,autor,@jor77cas,jor77cas,1,1,1,,1.0,1.0,6,0,17,0.0,,,,,,,,False,0
n8iP75gIpmw,video,Qué rico come tu diputado,quorumgt,128,161,161,128.0,,,358,3,1779,-0.215,UCE4rsXcgDb6e1-a9iTbWzfg,Quorum,News & Politics,11775,2024-08-27T14:09:51-07:00,topic,Quorum GT,,0
j43HgwYFKfk,video,La cooptación de Walter Mazariegos en la USAC,quorumgt,49,50,50,49.0,,,91,0,411,-0.053,UCE4rsXcgDb6e1-a9iTbWzfg,Quorum,News & Politics,10156,2024-09-26T15:00:17-07:00,topic,@quorumgt,,0
6W4u8sGEnGM,video,Inician los trabajos de recuperación del Puente Belice II.,gobiernodelarepublicadeguatema,32,45,45,32.0,,,90,11,452,0.207,UC-ZtFBHzgkYFh7whZkuR_Ag,Gobierno de la República de Guatemala,Entertainment,11670,2026-08-26T21:00:47-07:00,topic,Gobierno de la República de Guatemala,,0
lj983NWyAQY,video,Plan 2032 Ciudad de Guatemala,municipalidaddeguatemala-1551,25,25,25,25.0,,,1697,16,193,0.4,UCXa6LVjBzUtmcM3cwbd9e2w,Municipalidad de Guatemala,News & Politics,304089,2019-02-28T18:31:10-08:00,topic,Municipalidad de Guatemala,,1
PjmxCj-a9Hg,video,Conferencia de Prensa del Gobierno de Guatemala. #LaRondaGt,gobiernodelarepublicadeguatema,19,25,25,19.0,,,20,4,294,0.2,UC-ZtFBHzgkYFh7whZkuR_Ag,Gobierno de la República de Guatemala,Entertainment,3628,2025-08-11T20:14:15-07:00,topic,@GobiernodeGuatemala,,0
OkXlHx0hx-8,video,EE.UU. envía a mexicanos deportados a Guatemala antes de su regreso a México | Noticias Telemundo,noticias,18,25,25,18.0,,,25,13,207,0.147,UCRwA1NUcUnwsly35ikGhp0A,Noticias Telemundo,News & Politics,14200,2026-08-30T16:38:02-07:00,topic,guatemala noticias,,2
yLZS3JiEBg8,video,Arroz con pollo a la MONOPOLIO,quorumgt,16,16,16,16.0,,,13,0,231,0.25,UCE4rsXcgDb6e1-a9iTbWzfg,Quorum,News & Politics,1954,2024-05-09T19:15:12-07:00,channel,@quorumgt/videos,,0
06mFNPU0aB8,video,Capturan a presuntos delincuentes disfrazados de mujer señalados de cometer asalto,noti7guatemala,13,14,14,13.0,,,12,1,58,0.0,UCVpSRoZgngfSL03Nlbjtq9A,Noti7,News & Politics,6692,2026-08-13T22:00:12-07:00,topic,guatemala noticias,,0
ndAZjHqzzT8,video,Internet: escoger el menos malo,quorumgt,10,12,12,10.0,,,3,1,274,0.3,UCE4rsXcgDb6e1-a9iTbWzfg,Quorum,News & Politics,717,2024-05-16T18:15:07-07:00,channel,@quorumgt/videos,,0
b_Hkrkl3adA,video,Bloqueos en Guatemala este 31 de agosto por alza en combustibles afectan rutas principales,prensalibreoficial,7,7,7,7.0,,,1,1,74,0.286,UCEepOY2svuxbsJ-zsAPT9Fg,PrensaLibreOficial,News & Politics,5469,2026-08-31T08:08:05-07:00,topic,guatemala noticias,,0
is3Mk5oC19g,video,Capturan a ladrón que había quedado grabado mientras robaba en una parroquia de Retalhuleu,tn23todonoticias,7,7,7,7.0,,,0,1,25,-0.429,UCt5Dw7ePnn0AqPqRF8Xpjkw,TN23 Guatemala,News & Politics,4616,2026-08-30T21:30:18-07:00,topic,guatemala noticias,,0
WIUZtitfLRw,video,Caminar en una ciudad hecha para carros,quorumgt,6,6,6,6.0,,,1,0,66,0.333,UCE4rsXcgDb6e1-a9iTbWzfg,Quorum,News & Politics,422,2024-11-20T17:15:06-08:00,channel,@quorumgt/videos,,0
TT4qJ5FXHYE,video,"I’x K’at: el primer equipo guatemalteco de pelota maya, conformado únicamente por mujeres.",quorumgt,4,4,4,4.0,,,8,0,44,0.75,UCE4rsXcgDb6e1-a9iTbWzfg,Quorum,News & Politics,1075,2022-08-03T05:53:55-07:00,channel,@quorumgt/videos,,3
JkpVO1hx2f8,video,10 Preguntas a un año del Paro Nacional,quorumgt,3,3,3,3.0,,,4,0,11,0.0,UCE4rsXcgDb6e1-a9iTbWzfg,Quorum,News & Politics,673,2024-10-02T17:00:06-07:00,channel,@quorumgt/videos,,4
3Nfp9h5avBI,video,"Noticiero en Directo 1 pm, 28 de Agosto de 2026",guatevisionnoticiero,2,2,2,2.0,,,0,0,12,0.0,UCdSVqHGHzyMTXSafUHY-e-w,Noticiero Guatevisión 13 Hrs.,News & Politics,573,2026-08-31T10:41:20-07:00,topic,guatemala noticias,,5
UhL9y3KUl8E,video,SHAI WA: la vecina queer de Casa Presidencial,quorumgt,1,1,1,1.0,,,2,0,4,0.0,UCE4rsXcgDb6e1-a9iTbWzfg,Quorum,News & Politics,1755,2023-02-10T12:33:59-08:00,channel,@quorumgt/videos,,9
X_FAIef8qlE,video,Cruzando la ciudad a puro Transmetro,quorumgt,1,1,1,1.0,,,0,0,14,0.0,UCE4rsXcgDb6e1-a9iTbWzfg,Quorum,News & Politics,1140,2025-10-03T14:42:06-07:00,channel,@quorumgt/videos,,7
s0eco-BofOs,video,¿Quiénes pagan más en Centroamérica?,quorumgt,1,1,1,1.0,,,0,0,1,0.0,UCE4rsXcgDb6e1-a9iTbWzfg,Quorum,News & Politics,220,2025-05-29T15:28:07-07:00,topic,Quorum GT,,6
zweosulrwA8,video,Edén por Salud: empleo inclusivo para personas con discapacidad en Antigua | Super - Episodio 2,quorumgt,1,1,1,1.0,,,0,0,0,1.0,UCE4rsXcgDb6e1-a9iTbWzfg,Quorum,Nonprofits & Activism,52,2026-06-21T16:35:36-07:00,topic,@quorumgt,,8
