source,target,type,weight,source_tipo,target_tipo,source_etiqueta,target_etiqueta,target_canal,me_gusta_total,respuestas_totales,tokens,polaridad_media,componente
UC-HeUTT6_g-VoiWds2a4H-w,6W4u8sGEnGM,Undirected,1,autor,video,@JorgeMunoz-gd9et,Inician los trabajos de recuperación del Puente Belice II.,Gobierno de la República de Guatemala,0,0,8,1.0,0
UC-Iul5tDYH_oiAMXQH-KaaQ,6W4u8sGEnGM,Undirected,1,autor,video,@AlbertoMancilla-p9h,Inician los trabajos de recuperación del Puente Belice II.,Gobierno de la República de Guatemala,1,0,17,1.0,0
UC-QOpE7GOxlXcHZ8b7HbQKA,OkXlHx0hx-8,Undirected,2,autor,video,@mariaalexander427,EE.UU. envía a mexicanos deportados a Guatemala antes de su regreso a México | Noticias Telemundo,Noticias Telemundo,0,0,17,0.833,2
UC-fiZBS5Gp1eCJd9ucgWnCg,j43HgwYFKfk,Undirected,1,autor,video,@Tommii.10,La cooptación de Walter Mazariegos en la USAC,Quorum,6,0,12,-1.0,0
UC-hfX8J5JPJ-dfuakzegMLA,n8iP75gIpmw,Undirected,1,autor,video,@normaleticiaorozcojuarez2418,Qué rico come tu diputado,Quorum,6,0,40,0.0,0
UC-jS_kA9w-OmpupXDx156Rg,n8iP75gIpmw,Undirected,1,autor,video,@simoncreyesc7579,Qué rico come tu diputado,Quorum,2,0,6,-1.0,0
UC-pNP6RMFuLg_-x7Ah_0kEA,n8iP75gIpmw,Undirected,1,autor,video,@almacatalan2717,Qué rico come tu diputado,Quorum,5,0,8,0.0,0
UC094EFEmMSdwVa8NQjjYBXg,b_Hkrkl3adA,Undirected,1,autor,video,@CelestinoQuej-j7k,Bloqueos en Guatemala este 31 de agosto por alza en combustibles afectan rutas principales,PrensaLibreOficial,0,0,4,0.0,0
UC0HvfEWozTHbwl_iEmJNvVA,6W4u8sGEnGM,Undirected,1,autor,video,@OttoPalencia-b7r,Inician los trabajos de recuperación del Puente Belice II.,Gobierno de la República de Guatemala,3,0,7,0.0,0
UC0RpuMwkDKJYqgKHtsJRuWQ,lj983NWyAQY,Undirected,1,autor,video,@sabinamarinaguerra3248,Plan 2032 Ciudad de Guatemala,Municipalidad de Guatemala,113,1,5,0.0,1
UC0aEyakBPqcBkVJiErfSupQ,lj983NWyAQY,Undirected,1,autor,video,@jhonymanuel9891,Plan 2032 Ciudad de Guatemala,Municipalidad de Guatemala,70,0,3,0.0,1
UC14qlobYKqD-DO0j6b75lcA,6W4u8sGEnGM,Undirected,1,autor,video,@megavision4488,Inician los trabajos de recuperación del Puente Belice II.,Gobierno de la República de Guatemala,0,0,12,1.0,0
UC1DpqK6vaPEkBOMNvypsKYg,j43HgwYFKfk,Undirected,1,autor,video,@HectorCarranza-u4j4o,La cooptación de Walter Mazariegos en la USAC,Quorum,0,0,16,-1.0,0
UC1NiEdJ7gk6FlDexIalWnGg,6W4u8sGEnGM,Undirected,1,autor,video,@BorisTebalán,Inician los trabajos de recuperación del Puente Belice II.,Gobierno de la República de Guatemala,0,0,24,-0.333,0
UC1WlJfQmaIskYhP4gmWoamw,OkXlHx0hx-8,Undirected,1,autor,video,@marthareiss5434,EE.UU. envía a mexicanos deportados a Guatemala antes de su regreso a México | Noticias Telemundo,Noticias Telemundo,2,1,12,0.0,2
UC1Y7x3h0c95Z8kUhi-Tzaeg,PjmxCj-a9Hg,Undirected,1,autor,video,@rosadiaz9235,Conferencia de Prensa del Gobierno de Guatemala. #LaRondaGt,Gobierno de la República de Guatemala,0,0,12,-1.0,0
UC1vr9aaMI2crB0NvwFHUeoQ,n8iP75gIpmw,Undirected,1,autor,video,@JoseSimilox-p6e,Qué rico come tu diputado,Quorum,0,0,11,0.0,0
UC2Y_EHWQKevubk4vOEBBFxw,n8iP75gIpmw,Undirected,1,autor,video,@alfonsomorales2653,Qué rico come tu diputado,Quorum,1,0,12,0.0,0
UC2ngpd8UBQu4gcUYy0goAtg,06mFNPU0aB8,Undirected,1,autor,video,@juliohernandez7438,Capturan a presuntos delincuentes disfrazados de mujer señalados de cometer asalto,Noti7,0,0,7,-1.0,0
UC2weSE8rpqkGMOp6StYtVfg,n8iP75gIpmw,Undirected,1,autor,video,@katerynsantiago2907,Qué rico come tu diputado,Quorum,1,0,17,-0.333,0
UC32oozucwCF3q8d4m8fyOUg,j43HgwYFKfk,Undirected,1,autor,video,@RauldejesusOlivagonzalez,La cooptación de Walter Mazariegos en la USAC,Quorum,0,0,9,0.0,0
UC3E9mAgP7VoAE5mZoAexl5g,n8iP75gIpmw,Undirected,1,autor,video,@EnnioAroche,Qué rico come tu diputado,Quorum,0,0,10,1.0,0
UC3MYTqpQqlWBuCB7Th0e0PA,n8iP75gIpmw,Undirected,1,autor,video,@isaaclopez7220,Qué rico come tu diputado,Quorum,4,0,7,1.0,0
UC3NMzdMYryaw82kPTnsaljg,n8iP75gIpmw,Undirected,1,autor,video,@marisosa7832,Qué rico come tu diputado,Quorum,0,0,4,-1.0,0
UC3UVO7pTbeYvZ3ILEyRDskQ,j43HgwYFKfk,Undirected,1,autor,video,@rosaelenaargueta79,La cooptación de Walter Mazariegos en la USAC,Quorum,1,0,4,0.0,0
UC3XTwHxygNCgjndsg-UiCQA,n8iP75gIpmw,Undirected,3,autor,video,@marioajset4283,Qué rico come tu diputado,Quorum,2,0,28,-0.333,0
UC3YpzAr7pcdKC7BVFEpYzog,6W4u8sGEnGM,Undirected,1,autor,video,@carmenfigueroa1232,Inician los trabajos de recuperación del Puente Belice II.,Gobierno de la República de Guatemala,4,1,15,-1.0,0
UC3iIU62XKUOWuqL8BqBzj9A,b_Hkrkl3adA,Undirected,1,autor,video,@antonioduarte2288,Bloqueos en Guatemala este 31 de agosto por alza en combustibles afectan rutas principales,PrensaLibreOficial,0,0,7,0.0,0
UC3qn1yJA5PeW9rkGPatQxiw,n8iP75gIpmw,Undirected,1,autor,video,@VICTOREST19,Qué rico come tu diputado,Quorum,7,0,5,0.0,0
UC4Avya4kmR4Q0FrfFdBozSQ,j43HgwYFKfk,Undirected,1,autor,video,@davidlima1348,La cooptación de Walter Mazariegos en la USAC,Quorum,11,0,23,1.0,0
UC4cXueR2bKGFJV0Fk76gwmA,n8iP75gIpmw,Undirected,1,autor,video,@aluxdel4792,Qué rico come tu diputado,Quorum,0,0,12,-1.0,0
UC4kg7zuTfqQKLd2bkZrSYBA,is3Mk5oC19g,Undirected,1,autor,video,@zoilagarcia9019,Capturan a ladrón que había quedado grabado mientras robaba en una parroquia de Retalhuleu,TN23 Guatemala,0,0,5,-1.0,0
UC4wq3DcbfaG6dtCqn8Oyu3w,n8iP75gIpmw,Undirected,1,autor,video,@hugoasencio7764,Qué rico come tu diputado,Quorum,1,0,3,0.0,0
UC5H8ASmMC9WrURmzeB4ySog,n8iP75gIpmw,Undirected,5,autor,video,@ManuelEdran,Qué rico come tu diputado,Quorum,6,0,19,0.0,0
UC5PrBbmUlQolwqmiru7yZhw,b_Hkrkl3adA,Undirected,1,autor,video,@lazarochavez8269,Bloqueos en Guatemala este 31 de agosto por alza en combustibles afectan rutas principales,PrensaLibreOficial,0,1,25,1.0,0
UC5PyGvSfFM--OVKmQ3COu6g,lj983NWyAQY,Undirected,1,autor,video,@FreddyGmez,Plan 2032 Ciudad de Guatemala,Municipalidad de Guatemala,3,0,4,1.0,1
UC5bG9nc_JV3FsNP2KseQiYw,n8iP75gIpmw,Undirected,1,autor,video,@giovannirodas4836,Qué rico come tu diputado,Quorum,2,0,23,-1.0,0
UC5fvhAfm89JH8eDFdvc0xYw,lj983NWyAQY,Undirected,1,autor,video,@isaidiaz2388,Plan 2032 Ciudad de Guatemala,Municipalidad de Guatemala,0,0,2,1.0,1
UC5hvEnRUzI4Kfvwnyi4QxqQ,j43HgwYFKfk,Undirected,1,autor,video,@leonelsantizo5281,La cooptación de Walter Mazariegos en la USAC,Quorum,2,0,9,0.0,0
UC5wuDq3U3vRAhOQI3D7gNdw,ndAZjHqzzT8,Undirected,1,autor,video,@allanreneramirezgonzalez534,Internet: escoger el menos malo,Quorum,2,1,4,1.0,0
UC63tFvbQ_hJhGDi2nbjssjw,6W4u8sGEnGM,Undirected,1,autor,video,@AbigailRodas-w2r,Inician los trabajos de recuperación del Puente Belice II.,Gobierno de la República de Guatemala,2,0,6,0.0,0
UC650pRT-OYzny3GwOH8Cgfw,n8iP75gIpmw,Undirected,1,autor,video,@edvinparedesherrera7632,Qué rico come tu diputado,Quorum,1,0,7,0.0,0
UC6PvO1_k5lHKGdAPo5_C6TA,n8iP75gIpmw,Undirected,1,autor,video,@johnmejia992,Qué rico come tu diputado,Quorum,1,0,5,-1.0,0
UC6Uj1FT5JjDSF8vudvDxPAA,j43HgwYFKfk,Undirected,1,autor,video,@alfredoortega9264,La cooptación de Walter Mazariegos en la USAC,Quorum,1,0,12,1.0,0
UC6YSZqL0vEcI-niPKIMUGfw,n8iP75gIpmw,Undirected,1,autor,video,@maxwellsales885,Qué rico come tu diputado,Quorum,2,0,13,-1.0,0
UC6xI_MOaxajIWpoP8BH6E_Q,s0eco-BofOs,Undirected,1,autor,video,@jahirdiaz5862,¿Quiénes pagan más en Centroamérica?,Quorum,0,0,1,0.0,6
UC72gBAtyb_VXQlYDcFrh6oQ,n8iP75gIpmw,Undirected,3,autor,video,@osmanmorales3012,Qué rico come tu diputado,Quorum,19,0,10,-0.333,0
UC7IMsCxfZyWN7YQo8-JYa6Q,PjmxCj-a9Hg,Undirected,2,autor,video,@Burgos68,Conferencia de Prensa del Gobierno de Guatemala. #LaRondaGt,Gobierno de la República de Guatemala,1,0,48,1.0,0
UC7VUuJr9cGh845CmTvf7TlQ,n8iP75gIpmw,Undirected,1,autor,video,@LuisCastillo-oz4df,Qué rico come tu diputado,Quorum,1,0,10,-1.0,0
UC7dadZG7kkGYnsNu6td0FbA,j43HgwYFKfk,Undirected,1,autor,video,@lesolorzano,La cooptación de Walter Mazariegos en la USAC,Quorum,18,0,6,0.0,0
UC816IGbFCZinfYS1LRDaaHg,j43HgwYFKfk,Undirected,1,autor,video,@ingenieroar,La cooptación de Walter Mazariegos en la USAC,Quorum,1,0,2,0.0,0
UC8F2V63KZ4ZEay6opX2hAQw,n8iP75gIpmw,Undirected,1,autor,video,@carmenr6311,Qué rico come tu diputado,Quorum,0,0,52,1.0,0
UC8G5cJONY8L9voMyBW8Eoug,n8iP75gIpmw,Undirected,1,autor,video,@luisparedes-pw6qt,Qué rico come tu diputado,Quorum,0,0,4,0.0,0
UC8r11yOugM2NuRfitQOxLLg,n8iP75gIpmw,Undirected,1,autor,video,@cesaraugustomoralesmonroy6907,Qué rico come tu diputado,Quorum,1,0,21,-1.0,0
UC8xlJWNHz1V_W6q3fbuQH8g,PjmxCj-a9Hg,Undirected,1,autor,video,@NormaLópez-v7e,Conferencia de Prensa del Gobierno de Guatemala. #LaRondaGt,Gobierno de la República de Guatemala,1,0,2,1.0,0
UC95PSMouTx2N5CbSq0hIyrQ,j43HgwYFKfk,Undirected,1,autor,video,@lisss1908,La cooptación de Walter Mazariegos en la USAC,Quorum,0,0,0,0.0,0
UC9Wp6vL5oCU37qC3Aj94WZA,b_Hkrkl3adA,Undirected,1,autor,video,@ManuelSanchez-b8q2z,Bloqueos en Guatemala este 31 de agosto por alza en combustibles afectan rutas principales,PrensaLibreOficial,0,0,8,1.0,0
UC9vMq1YF-e7C-VO0SHkbUTA,n8iP75gIpmw,Undirected,4,autor,video,@ErvinLeonardoCarreraLatín,Qué rico come tu diputado,Quorum,0,0,26,-0.5,0
UC9xr9QvIcDvoZNUX5f-jaZw,n8iP75gIpmw,Undirected,1,autor,video,@MariaaliciaColonmorales,Qué rico come tu diputado,Quorum,0,0,10,0.0,0
UCA93ym2TXs_Ibyxb4Vcn-6Q,n8iP75gIpmw,Undirected,1,autor,video,@oswaldosolis8728,Qué rico come tu diputado,Quorum,0,0,4,0.0,0
UCAKuKvcbfnBD3kF5njNu-IA,j43HgwYFKfk,Undirected,1,autor,video,@melvinlopez7096,La cooptación de Walter Mazariegos en la USAC,Quorum,0,0,2,1.0,0
UCAV7QIjYhbDJaycQycM_0eQ,PjmxCj-a9Hg,Undirected,1,autor,video,@mariavail8998,Conferencia de Prensa del Gobierno de Guatemala. #LaRondaGt,Gobierno de la República de Guatemala,3,0,10,1.0,0
UCAlzM_N6xBlMYmM8EBzX86Q,n8iP75gIpmw,Undirected,1,autor,video,@carlossoto3252,Qué rico come tu diputado,Quorum,3,0,28,-1.0,0
UCAmtbUiIrUIhikru0ZoTFig,n8iP75gIpmw,Undirected,1,autor,video,@Aura-vf6dm,Qué rico come tu diputado,Quorum,7,0,1,0.0,0
UCAxvOOHQk7dYPOajzFEVtbA,06mFNPU0aB8,Undirected,2,autor,video,@ruddydepaz322,Capturan a presuntos delincuentes disfrazados de mujer señalados de cometer asalto,Noti7,0,0,19,0.0,0
UCB5p8a5gklc80jJItP6xTHg,n8iP75gIpmw,Undirected,1,autor,video,@ernestogamboa8737,Qué rico come tu diputado,Quorum,6,0,6,0.0,0
UCBlm80VQ4YoV3bUJR_XhkaQ,OkXlHx0hx-8,Undirected,2,autor,video,@rosadiaz6945,EE.UU. envía a mexicanos deportados a Guatemala antes de su regreso a México | Noticias Telemundo,Noticias Telemundo,0,3,10,0.0,2
UCBtB5dIyx-C16UN8ClUD2UA,is3Mk5oC19g,Undirected,1,autor,video,@alexmonzon4257,Capturan a ladrón que había quedado grabado mientras robaba en una parroquia de Retalhuleu,TN23 Guatemala,0,0,4,0.0,0
UCCBYcToQ2dwkd6TJh0FSyDg,j43HgwYFKfk,Undirected,1,autor,video,@lidiarodriguez3493,La cooptación de Walter Mazariegos en la USAC,Quorum,0,0,7,1.0,0
UCCUmP4PlbwgikVFpYwbtRTg,yLZS3JiEBg8,Undirected,1,autor,video,@alhvi,Arroz con pollo a la MONOPOLIO,Quorum,3,0,10,1.0,0
UCCaYwkkbQGcvFoUmothVdQQ,n8iP75gIpmw,Undirected,1,autor,video,@OsvaldoAguirre-l3i,Qué rico come tu diputado,Quorum,0,0,14,0.333,0
UCDIMztpVm7G27qBuiWuT6oQ,n8iP75gIpmw,Undirected,1,autor,video,@lizardomorataya8274,Qué rico come tu diputado,Quorum,0,0,1,-1.0,0
UCDPWkUX3sNNaCx-m1dV4glA,n8iP75gIpmw,Undirected,1,autor,video,@hectoroliva949,Qué rico come tu diputado,Quorum,0,0,9,0.333,0
UCDQaQv0hr2SS_PO-CMEwVHg,n8iP75gIpmw,Undirected,1,autor,video,@federicosaquimux1933,Qué rico come tu diputado,Quorum,1,0,16,1.0,0
UCDUffaruH6dyUnUGwsTKpgg,n8iP75gIpmw,Undirected,1,autor,video,@luisletona2842,Qué rico come tu diputado,Quorum,2,0,2,0.0,0
UCDftMWXQoJ6nONfY7GVOVjg,n8iP75gIpmw,Undirected,1,autor,video,@luisgpacheco5858,Qué rico come tu diputado,Quorum,0,0,21,0.0,0
UCDlr1VadSucIZgZ171pRBjQ,n8iP75gIpmw,Undirected,1,autor,video,@cuabatzjj5924,Qué rico come tu diputado,Quorum,0,0,2,0.0,0
UCDrmf9y9nLgFY5wnA2hTuGA,j43HgwYFKfk,Undirected,1,autor,video,@laboratorio5528,La cooptación de Walter Mazariegos en la USAC,Quorum,1,0,9,1.0,0
UCEHXl4VvvVpq-_4xC5tsbhg,6W4u8sGEnGM,Undirected,1,autor,video,@anibalg47,Inician los trabajos de recuperación del Puente Belice II.,Gobierno de la República de Guatemala,7,0,10,1.0,0
UCEgEQmRbtL5fwr9_DqAC--g,n8iP75gIpmw,Undirected,1,autor,video,@ArielRodas-g5y,Qué rico come tu diputado,Quorum,2,0,4,0.0,0
UCErZPJpHmLCsXs8ZWkAUupQ,n8iP75gIpmw,Undirected,1,autor,video,@dorisl.garciaroche7763,Qué rico come tu diputado,Quorum,2,1,12,0.0,0
UCFFrEmn6lPYiWyElpfzTy5Q,is3Mk5oC19g,Undirected,1,autor,video,@denilsonlopez4083,Capturan a ladrón que había quedado grabado mientras robaba en una parroquia de Retalhuleu,TN23 Guatemala,0,0,2,-1.0,0
UCFOxCyF926Y9eHhMeVoWLzw,lj983NWyAQY,Undirected,1,autor,video,@arielsarc09,Plan 2032 Ciudad de Guatemala,Municipalidad de Guatemala,3,0,8,1.0,1
UCFUuDARXdmmIrLppEqf-rFg,n8iP75gIpmw,Undirected,1,autor,video,@allanmunoz7410,Qué rico come tu diputado,Quorum,0,0,2,0.0,0
UCFhxtoeARHPnXXPcDrOU3Xg,n8iP75gIpmw,Undirected,1,autor,video,@diegoalejandrolopezmendez205,Qué rico come tu diputado,Quorum,2,0,10,0.0,0
UCFjudnPLoaSL1BaRuLahyHg,n8iP75gIpmw,Undirected,3,autor,video,@HaroldoCastillo-rh9iw,Qué rico come tu diputado,Quorum,3,0,14,0.0,0
UCFoIAE8k82D6AV-8gjjKaNg,n8iP75gIpmw,Undirected,1,autor,video,@eddymunoz9789,Qué rico come tu diputado,Quorum,1,1,24,1.0,0
UCFxE8GbokBrBsPEKM1xrOjQ,n8iP75gIpmw,Undirected,1,autor,video,@JuanDavila-qd7qj,Qué rico come tu diputado,Quorum,10,0,22,-0.5,0
UCFybmWapGvBKcQod7cPPH9w,6W4u8sGEnGM,Undirected,1,autor,video,@vitalianochavez8382,Inician los trabajos de recuperación del Puente Belice II.,Gobierno de la República de Guatemala,1,0,2,0.0,0
UCGGHbtfbbe0o68etrOf0qxw,j43HgwYFKfk,Undirected,1,autor,video,@karensussetteleonvargas9794,La cooptación de Walter Mazariegos en la USAC,Quorum,0,0,1,0.0,0
UCGX_UbAQOXGZknv5iqklwTA,PjmxCj-a9Hg,Undirected,1,autor,video,@ronaldgarcia8522,Conferencia de Prensa del Gobierno de Guatemala. #LaRondaGt,Gobierno de la República de Guatemala,1,0,2,0.0,0
UCGZMgmM92E3njyXNe9-kjAQ,OkXlHx0hx-8,Undirected,1,autor,video,@pasionpornada,EE.UU. envía a mexicanos deportados a Guatemala antes de su regreso a México | Noticias Telemundo,Noticias Telemundo,2,1,9,0.0,2
UCGj2v6Gl5bN8NSrzJMXS-CA,WIUZtitfLRw,Undirected,1,autor,video,@juliogutierrez492,Caminar en una ciudad hecha para carros,Quorum,0,0,15,1.0,0
UCGm3gRBEHGRJYmtCryZLtDw,b_Hkrkl3adA,Undirected,1,autor,video,@JoséLopez-g6k,Bloqueos en Guatemala este 31 de agosto por alza en combustibles afectan rutas principales,PrensaLibreOficial,0,0,7,0.0,0
UCGqKxQS-z3NZzZF-2w338AA,lj983NWyAQY,Undirected,1,autor,video,@samuelaguilar529,Plan 2032 Ciudad de Guatemala,Municipalidad de Guatemala,211,3,5,0.0,1
UCGzXwyCzMzGmjmCbH3Hg01Q,n8iP75gIpmw,Undirected,1,autor,video,@FidelZacarias-ph7dy,Qué rico come tu diputado,Quorum,2,0,8,-1.0,0
UCHGd14aYuZZShLD73dkk6mg,JkpVO1hx2f8,Undirected,1,autor,video,@noemiherrera3152,10 Preguntas a un año del Paro Nacional,Quorum,0,0,1,1.0,4
UCHMQ_lDhibZ-XZ_3fo6oxwg,lj983NWyAQY,Undirected,1,autor,video,@crislexrubi4387,Plan 2032 Ciudad de Guatemala,Municipalidad de Guatemala,16,0,3,0.0,1
UCHTGCgY2l-DQJIvlA_cpa_Q,PjmxCj-a9Hg,Undirected,1,autor,video,@virgiliogarcia3039,Conferencia de Prensa del Gobierno de Guatemala. #LaRondaGt,Gobierno de la República de Guatemala,1,0,17,-0.333,0
UCHTGCgY2l-DQJIvlA_cpa_Q,n8iP75gIpmw,Undirected,2,autor,video,@virgiliogarcia3039,Qué rico come tu diputado,Quorum,13,0,30,-1.0,0
UCHbwIx9pmQuf7i-4_xO2EpA,j43HgwYFKfk,Undirected,1,autor,video,@caminoseternos752,La cooptación de Walter Mazariegos en la USAC,Quorum,0,0,7,0.333,0
UCHhHUjaMAZ8SiXdCUCj9DkQ,n8iP75gIpmw,Undirected,2,autor,video,@fredymendez1786,Qué rico come tu diputado,Quorum,3,0,31,0.167,0
UCHu8x4MVkayU6VgwVKd--MQ,b_Hkrkl3adA,Undirected,1,autor,video,@Hernandez-i1o,Bloqueos en Guatemala este 31 de agosto por alza en combustibles afectan rutas principales,PrensaLibreOficial,1,0,17,0.0,0
UCIUhbSCy3-SGRe5UtqM4fzQ,lj983NWyAQY,Undirected,1,autor,video,@jeanmorales1677,Plan 2032 Ciudad de Guatemala,Municipalidad de Guatemala,1,0,16,-1.0,1
UCIXLDYqR_syskKRJy_x9W9Q,06mFNPU0aB8,Undirected,1,autor,video,@carlitosramirez4739,Capturan a presuntos delincuentes disfrazados de mujer señalados de cometer asalto,Noti7,0,0,1,0.0,0
UCIgoiXdIKJyUGmUoH2Lxdzg,OkXlHx0hx-8,Undirected,1,autor,video,@susievidal4134,EE.UU. envía a mexicanos deportados a Guatemala antes de su regreso a México | Noticias Telemundo,Noticias Telemundo,3,0,16,0.0,2
UCIp19h9igblA2YKfSLPDAug,lj983NWyAQY,Undirected,1,autor,video,@JoseReyes-rn6sh,Plan 2032 Ciudad de Guatemala,Municipalidad de Guatemala,14,1,6,0.0,1
UCJp3OrVYcBorC94sKwdch_A,ndAZjHqzzT8,Undirected,1,autor,video,@ULJoshmg2011,Internet: escoger el menos malo,Quorum,0,0,84,0.0,0
UCJxJC56BSAX-ArD0NAb9qnQ,3Nfp9h5avBI,Undirected,1,autor,video,@alfonsowilian9157,"Noticiero en Directo 1 pm, 28 de Agosto de 2026",Noticiero Guatevisión 13 Hrs.,0,0,5,0.0,5
UCKDR0f2fu2UzWL8mBv5-BHw,n8iP75gIpmw,Undirected,1,autor,video,@mireyamorales6595,Qué rico come tu diputado,Quorum,0,0,65,-0.6,0
UCKVzDUqbtdSMBcexaEtMmzQ,TT4qJ5FXHYE,Undirected,1,autor,video,@rotorairgroup8409,"I’x K’at: el primer equipo guatemalteco de pelota maya, conformado únicamente por mujeres.",Quorum,0,0,17,0.0,3
UCL13XhnRzbGokEkCkEOb0-g,n8iP75gIpmw,Undirected,2,autor,video,@raquelprado3643,Qué rico come tu diputado,Quorum,8,0,12,0.0,0
UCL1MT278vSaQ83ZDkVWn1gw,n8iP75gIpmw,Undirected,1,autor,video,@elmorodriguez6978,Qué rico come tu diputado,Quorum,20,0,31,-1.0,0
UCLFdHr9BEbXHkoJopbEPLZw,n8iP75gIpmw,Undirected,2,autor,video,@kanterra4584,Qué rico come tu diputado,Quorum,24,0,25,0.0,0
UCLXYp1Cvc5DLtq5UQL5D9vw,06mFNPU0aB8,Undirected,1,autor,video,@jorgecifuentes-m5g,Capturan a presuntos delincuentes disfrazados de mujer señalados de cometer asalto,Noti7,3,1,1,0.0,0
UCLggDc_a5HriXv7I1h02sOA,n8iP75gIpmw,Undirected,2,autor,video,@guillermogonzalez5153,Qué rico come tu diputado,Quorum,7,0,12,0.0,0
UCLh1Kde4_vI1sTZBkTNP7RQ,is3Mk5oC19g,Undirected,1,autor,video,@JoelReynoso-d4r,Capturan a ladrón que había quedado grabado mientras robaba en una parroquia de Retalhuleu,TN23 Guatemala,0,0,0,0.0,0
UCN2N_wYOw6fMwCeSzdXLPIw,PjmxCj-a9Hg,Undirected,1,autor,video,@danielantoniogonzalezflore4901,Conferencia de Prensa del Gobierno de Guatemala. #LaRondaGt,Gobierno de la República de Guatemala,0,0,26,1.0,0
UCN6qbfPSzFtjhqUDZ3Cv3CQ,n8iP75gIpmw,Undirected,1,autor,video,@carlosmedranovelasquez6380,Qué rico come tu diputado,Quorum,2,0,9,-1.0,0
UCNBnKqWf4d-rS4HwJRQljmQ,n8iP75gIpmw,Undirected,2,autor,video,@LE_A22,Qué rico come tu diputado,Quorum,1,0,43,0.0,0
UCNIeXbV_mEwpa412h1aqUWw,PjmxCj-a9Hg,Undirected,3,autor,video,@juandeleon9060,Conferencia de Prensa del Gobierno de Guatemala. #LaRondaGt,Gobierno de la República de Guatemala,3,1,16,0.0,0
UCNiMNUJvaRJb0_QLClqwVnA,TT4qJ5FXHYE,Undirected,1,autor,video,@Santiago.Nolasco,"I’x K’at: el primer equipo guatemalteco de pelota maya, conformado únicamente por mujeres.",Quorum,2,0,2,1.0,3
UCNkcuy42zEwddwEcOd_HpnA,n8iP75gIpmw,Undirected,1,autor,video,@vanigomez492,Qué rico come tu diputado,Quorum,3,0,10,-1.0,0
UCNpt5CQlTzNjlAKY6CJtClQ,j43HgwYFKfk,Undirected,1,autor,video,@eustaquiogomez9975,La cooptación de Walter Mazariegos en la USAC,Quorum,0,0,4,0.0,0
UCO0zwwLWGyDgQmWPJ5Qrr1w,06mFNPU0aB8,Undirected,1,autor,video,@elsalvador3605,Capturan a presuntos delincuentes disfrazados de mujer señalados de cometer asalto,Noti7,3,0,4,-1.0,0
UCOARn3hnfkB7-_Rwa8Hoqcw,WIUZtitfLRw,Undirected,1,autor,video,@nicelol5241,Caminar en una ciudad hecha para carros,Quorum,0,0,14,0.0,0
UCOLGv5Pf6BF2wFcwUzgcvHg,n8iP75gIpmw,Undirected,2,autor,video,@welfrealdana5559,Qué rico come tu diputado,Quorum,4,0,19,0.0,0
UCOLHH4ZpMxPYF-Q6e6wvn5A,OkXlHx0hx-8,Undirected,1,autor,video,@luisroldan7374,EE.UU. envía a mexicanos deportados a Guatemala antes de su regreso a México | Noticias Telemundo,Noticias Telemundo,2,1,6,0.0,2
UCOS8ViEkccrTZx2w2ccxotA,n8iP75gIpmw,Undirected,1,autor,video,@OscarHernandez-q8y,Qué rico come tu diputado,Quorum,4,0,1,0.0,0
UCOY3XpD9qMCRSA8AA8c4CAw,yLZS3JiEBg8,Undirected,1,autor,video,@franciscorodas9686,Arroz con pollo a la MONOPOLIO,Quorum,1,0,8,1.0,0
UCOcUI5XkTYNMSFhZNMIPpGg,j43HgwYFKfk,Undirected,1,autor,video,@hendersonlopez3864,La cooptación de Walter Mazariegos en la USAC,Quorum,3,0,39,0.0,0
UCOh6DaZC_x9HASnlRylEMfw,n8iP75gIpmw,Undirected,1,autor,video,@AndresMedina-v1s,Qué rico come tu diputado,Quorum,0,0,13,-1.0,0
UCPLW0HE3siElqCgXfgWxMqg,X_FAIef8qlE,Undirected,1,autor,video,@elizabethmonterroso7719,Cruzando la ciudad a puro Transmetro,Quorum,0,0,14,0.0,7
UCPNXmbOBVeC4HS-xemvcPtQ,OkXlHx0hx-8,Undirected,1,autor,video,@BelkisRodriguezRamirez,EE.UU. envía a mexicanos deportados a Guatemala antes de su regreso a México | Noticias Telemundo,Noticias Telemundo,2,3,13,-1.0,2
UCPZueDLrCS4BmTBRMA4q0fA,PjmxCj-a9Hg,Undirected,1,autor,video,@kevinochoa3695,Conferencia de Prensa del Gobierno de Guatemala. #LaRondaGt,Gobierno de la República de Guatemala,1,1,24,1.0,0
UCQIdKuZ-OzuFqy0KjGrgesg,JkpVO1hx2f8,Undirected,1,autor,video,@lyacausa,10 Preguntas a un año del Paro Nacional,Quorum,1,0,3,0.0,4
UCQM2tCKRRytVDRxNUfCDqQQ,zweosulrwA8,Undirected,1,autor,video,@elioelias7267,Edén por Salud: empleo inclusivo para personas con discapacidad en Antigua | Super - Episodio 2,Quorum,0,0,0,1.0,8
UCQMMuADgqWUOcJpLwHOzC-g,OkXlHx0hx-8,Undirected,1,autor,video,@Ripped-Yoda,EE.UU. envía a mexicanos deportados a Guatemala antes de su regreso a México | Noticias Telemundo,Noticias Telemundo,0,0,9,0.0,2
UCQ_-LPP8JAbfkc-b1Q6NvWw,n8iP75gIpmw,Undirected,2,autor,video,@MegaKristenstewart,Qué rico come tu diputado,Quorum,31,0,14,-1.0,0
UCQgYjVngJRfPHDLGB5X6ZjA,n8iP75gIpmw,Undirected,1,autor,video,@oscarnavas9996,Qué rico come tu diputado,Quorum,0,0,5,-1.0,0
UCQqetiwzzmRNTM5OWuXarGQ,n8iP75gIpmw,Undirected,1,autor,video,@isaiaslopezvelasquez1539,Qué rico come tu diputado,Quorum,1,0,2,0.0,0
UCQqlPPUGqAfWjd-FSh_qn7Q,j43HgwYFKfk,Undirected,1,autor,video,@estuardoargueta137,La cooptación de Walter Mazariegos en la USAC,Quorum,0,0,10,0.0,0
UCQtICyzWmhC5woCtbNgaSmg,n8iP75gIpmw,Undirected,2,autor,video,@nestormendez6216,Qué rico come tu diputado,Quorum,5,0,26,0.0,0
UCQtSFINs1h6GHkpg9o5kMvg,n8iP75gIpmw,Undirected,1,autor,video,@MacarioMartinezruiz,Qué rico come tu diputado,Quorum,12,0,7,1.0,0
UCQyOePccUP-fIJYzchAgZYw,j43HgwYFKfk,Undirected,1,autor,video,@aguilar4254,La cooptación de Walter Mazariegos en la USAC,Quorum,0,0,8,0.0,0
UCRAquv8el-tQ30bN7MlmySQ,j43HgwYFKfk,Undirected,1,autor,video,@iamjimalesssa,La cooptación de Walter Mazariegos en la USAC,Quorum,4,0,7,0.0,0
UCRETAiYdh2dL5ZxB0_N1zDA,n8iP75gIpmw,Undirected,1,autor,video,@Joseroland21,Qué rico come tu diputado,Quorum,0,0,7,1.0,0
UCRcSR3Lvn9DZAmJpVPANfZQ,lj983NWyAQY,Undirected,1,autor,video,@WalksandSuch,Plan 2032 Ciudad de Guatemala,Municipalidad de Guatemala,68,0,2,0.0,1
UCRelkU8JiZBytTzebJxaa-w,n8iP75gIpmw,Undirected,1,autor,video,@danyraymundo2942,Qué rico come tu diputado,Quorum,3,0,6,-1.0,0
UCRfkkatKrNtAARnXMMYBGlA,6W4u8sGEnGM,Undirected,1,autor,video,@BernerSoza-mg3vx,Inician los trabajos de recuperación del Puente Belice II.,Gobierno de la República de Guatemala,0,0,8,-1.0,0
UCRlCV9zSn7avAWh-9_XFWqQ,n8iP75gIpmw,Undirected,1,autor,video,@ronyarana8849,Qué rico come tu diputado,Quorum,1,0,6,-1.0,0
UCRvPToDkkumha7WJAfCDk1A,j43HgwYFKfk,Undirected,1,autor,video,@ligiaguerra3057,La cooptación de Walter Mazariegos en la USAC,Quorum,0,0,1,-1.0,0
UCRznz9-N3Qc1w-qNdLSIY2Q,lj983NWyAQY,Undirected,1,autor,video,@jimmygomez724,Plan 2032 Ciudad de Guatemala,Municipalidad de Guatemala,14,0,4,1.0,1
UCSTAUWVc1_82DHYeqOsqEFA,lj983NWyAQY,Undirected,1,autor,video,@TheAlexX_C,Plan 2032 Ciudad de Guatemala,Municipalidad de Guatemala,191,2,6,0.0,1
UCSou6a2OuYGSvPjm5psquyA,n8iP75gIpmw,Undirected,1,autor,video,@FranciscoRivera-sf7ne,Qué rico come tu diputado,Quorum,0,0,2,0.0,0
UCTD6q1nyIe3Y7HhqjaMj72w,n8iP75gIpmw,Undirected,1,autor,video,@JuanChang-r6k,Qué rico come tu diputado,Quorum,8,0,5,0.0,0
UCTP3O0rMnc8z8v8jaDQwL0w,n8iP75gIpmw,Undirected,1,autor,video,@RobertoZelaya-x1v,Qué rico come tu diputado,Quorum,1,0,21,0.0,0
UCTTILH6QCIxbTnEWxwRqs1g,yLZS3JiEBg8,Undirected,1,autor,video,@3762Jorge,Arroz con pollo a la MONOPOLIO,Quorum,0,0,4,0.0,0
UCThW2XNsAaBKme5PUt7n-Zg,n8iP75gIpmw,Undirected,1,autor,video,@thelmamoran8565,Qué rico come tu diputado,Quorum,0,0,12,-1.0,0
UCTwSut16JyAg3mX6LVUNGqA,n8iP75gIpmw,Undirected,1,autor,video,@SuperVictor2005,Qué rico come tu diputado,Quorum,0,0,37,0.0,0
UCTylKrsqkrBKIqubMu_5N0Q,n8iP75gIpmw,Undirected,1,autor,video,@edwingeovanymarroquinmarro6684,Qué rico come tu diputado,Quorum,1,0,3,0.0,0
UCUIIIPTVDVHAXqhC_5V6lPA,n8iP75gIpmw,Undirected,1,autor,video,@gorrarota,Qué rico come tu diputado,Quorum,0,0,19,0.0,0
UCUoYsrx1oZnCZ0usbBJn4fA,j43HgwYFKfk,Undirected,1,autor,video,@AnaDiaz-re9sq,La cooptación de Walter Mazariegos en la USAC,Quorum,1,0,7,1.0,0
UCV0iizTBoOfdAFX_thfI9BA,n8iP75gIpmw,Undirected,1,autor,video,@BenjaminLarios-jd8nk,Qué rico come tu diputado,Quorum,0,0,7,-1.0,0
UCV0lM03g5fg5pbPj97-sAtA,j43HgwYFKfk,Undirected,1,autor,video,@genarodelgado3929,La cooptación de Walter Mazariegos en la USAC,Quorum,1,0,9,1.0,0
UCV3fr-YOixFKCZBbJP1-X4w,6W4u8sGEnGM,Undirected,5,autor,video,@albertoshernandez5251,Inician los trabajos de recuperación del Puente Belice II.,Gobierno de la República de Guatemala,17,0,45,0.8,0
UCVC2QugcI1G4RvlCiUqd1aQ,ndAZjHqzzT8,Undirected,2,autor,video,@rwdm76,Internet: escoger el menos malo,Quorum,0,0,2,1.0,0
UCVQf0tzL7xRzFJsABVVULpg,PjmxCj-a9Hg,Undirected,1,autor,video,@DennisseLopetegi,Conferencia de Prensa del Gobierno de Guatemala. #LaRondaGt,Gobierno de la República de Guatemala,0,0,22,0.333,0
UCVdjCrh4tQoX3haNAZv-n5A,OkXlHx0hx-8,Undirected,1,autor,video,@aurahernandez5646,EE.UU. envía a mexicanos deportados a Guatemala antes de su regreso a México | Noticias Telemundo,Noticias Telemundo,3,1,6,1.0,2
UCVhif9eV0f8plICen2DnpKA,WIUZtitfLRw,Undirected,1,autor,video,@blogarteplus,Caminar en una ciudad hecha para carros,Quorum,0,0,11,1.0,0
UCW-JC6lebVmf2P1dmY_L94g,j43HgwYFKfk,Undirected,1,autor,video,@dinoraoroxon5771,La cooptación de Walter Mazariegos en la USAC,Quorum,0,0,15,1.0,0
UCW80DaMjQlEUibC98Cot-Dg,j43HgwYFKfk,Undirected,1,autor,video,@rogeraldana4289,La cooptación de Walter Mazariegos en la USAC,Quorum,0,0,14,-1.0,0
UCWIZUtKJ636y-4TYrNvok0g,n8iP75gIpmw,Undirected,1,autor,video,@cesarandreas7824,Qué rico come tu diputado,Quorum,5,0,7,0.0,0
UCWWkebAekppaL5b5CNlppuw,JkpVO1hx2f8,Undirected,1,autor,video,@ninettmartinez425,10 Preguntas a un año del Paro Nacional,Quorum,3,0,7,-1.0,4
UCWaRixDdpgllTBf4V0jPnKQ,6W4u8sGEnGM,Undirected,2,autor,video,@hectormaaz5523,Inician los trabajos de recuperación del Puente Belice II.,Gobierno de la República de Guatemala,0,0,35,-0.667,0
UCWoAVGVqCn4xtINCMOTM4jg,j43HgwYFKfk,Undirected,1,autor,video,@OmarMartinez-vv8re,La cooptación de Walter Mazariegos en la USAC,Quorum,0,0,22,-1.0,0
UCWvntqPQx99k_Z_skWKqNSA,6W4u8sGEnGM,Undirected,1,autor,video,@AntonioChiyal-x5s,Inician los trabajos de recuperación del Puente Belice II.,Gobierno de la República de Guatemala,2,1,2,0.0,0
UCXN2s7DwTJm33xO-pNkAdaA,06mFNPU0aB8,Undirected,1,autor,video,@edithsan7688,Capturan a presuntos delincuentes disfrazados de mujer señalados de cometer asalto,Noti7,0,0,2,0.0,0
UCXO1BBohNWXkK9SBDAG2ySg,yLZS3JiEBg8,Undirected,1,autor,video,@JBFlute92,Arroz con pollo a la MONOPOLIO,Quorum,0,0,2,1.0,0
UCXSkL3ejZ8qWYyF_M7s_QKA,n8iP75gIpmw,Undirected,1,autor,video,@JacintaTzoy,Qué rico come tu diputado,Quorum,0,0,9,-1.0,0
UCXVLc8CmAO813ubM-fLvCDw,yLZS3JiEBg8,Undirected,1,autor,video,@herminiasaquimux7565,Arroz con pollo a la MONOPOLIO,Quorum,7,0,11,0.0,0
UCXXh7yg5KUFIWylTiKVEFKQ,n8iP75gIpmw,Undirected,2,autor,video,@MrDuenderojo,Qué rico come tu diputado,Quorum,2,0,12,0.0,0
UCXgr7vXlRrsaskPdo097kGA,n8iP75gIpmw,Undirected,1,autor,video,@Rogergh-nw4oj,Qué rico come tu diputado,Quorum,0,0,1,0.0,0
UCXl30Y_upRqbti52fmjK4YA,yLZS3JiEBg8,Undirected,1,autor,video,@capitanfrans,Arroz con pollo a la MONOPOLIO,Quorum,0,0,14,1.0,0
UCXmrpc6Li0spcKxtS0Q_ptg,lj983NWyAQY,Undirected,1,autor,video,@melvinperez6710,Plan 2032 Ciudad de Guatemala,Municipalidad de Guatemala,10,0,18,1.0,1
UCXr8_5WtGeipe4haOoQDgyQ,n8iP75gIpmw,Undirected,1,autor,video,@amyherrera7352,Qué rico come tu diputado,Quorum,0,0,13,0.0,0
UCY7Hq7F9Lnucf-Yr6JkHZNw,lj983NWyAQY,Undirected,1,autor,video,@maynorcalel1442,Plan 2032 Ciudad de Guatemala,Municipalidad de Guatemala,79,0,2,0.0,1
UCYN4wSQ1Sx4_LurxLlW7MPg,n8iP75gIpmw,Undirected,1,autor,video,@belarminavillatoro6474,Qué rico come tu diputado,Quorum,0,0,54,-0.5,0
UCYwpX26TrCxq8TvbKGRYLXA,n8iP75gIpmw,Undirected,1,autor,video,@beneficioelcaminovillacana8540,Qué rico come tu diputado,Quorum,3,0,13,0.0,0
UCZ51R_9Q9C0c8I3pAWhtmjQ,n8iP75gIpmw,Undirected,1,autor,video,@belvettzapeta1251,Qué rico come tu diputado,Quorum,8,0,3,1.0,0
UCZFQwqh90apuL8eFhvRBkUg,6W4u8sGEnGM,Undirected,1,autor,video,@luisricardo9671,Inician los trabajos de recuperación del Puente Belice II.,Gobierno de la República de Guatemala,9,0,31,-1.0,0
UCZIQnb1fkwe39Iw2TAu-bGA,WIUZtitfLRw,Undirected,1,autor,video,@jorgegomez2237,Caminar en una ciudad hecha para carros,Quorum,1,0,11,0.0,0
UCZLG9qH0tUjNhEGFIUt0CYw,n8iP75gIpmw,Undirected,1,autor,video,@SoniaMarroquin-y6e,Qué rico come tu diputado,Quorum,1,0,2,-1.0,0
UCZOmq6MwFDVoCaEl99BRRaw,ndAZjHqzzT8,Undirected,1,autor,video,@daniloarevalo3170,Internet: escoger el menos malo,Quorum,0,0,31,-1.0,0
UCZeIIQrGAedW8tCbKWmGY-A,j43HgwYFKfk,Undirected,1,autor,video,@mariocordon8873,La cooptación de Walter Mazariegos en la USAC,Quorum,9,0,9,-1.0,0
UCZjm6U576nX8WOiLhmMR3bw,OkXlHx0hx-8,Undirected,1,autor,video,@MariaNavarroYT,EE.UU. envía a mexicanos deportados a Guatemala antes de su regreso a México | Noticias Telemundo,Noticias Telemundo,3,1,2,-1.0,2
UC_3xuTXvMIWU5MYP9HkJ3vQ,06mFNPU0aB8,Undirected,1,autor,video,@Historia-wm4os,Capturan a presuntos delincuentes disfrazados de mujer señalados de cometer asalto,Noti7,4,0,5,1.0,0
UC_6KbBY1bsYXz9fwFS0eQRg,ndAZjHqzzT8,Undirected,1,autor,video,@imrcp5694,Internet: escoger el menos malo,Quorum,0,0,1,0.0,0
UC_LYoGs5C3mbZKZuKuqYCvw,j43HgwYFKfk,Undirected,1,autor,video,@javiercifuentesarchila6041,La cooptación de Walter Mazariegos en la USAC,Quorum,7,0,1,0.0,0
UC_NRVt2UP88ZNTwzrZ66JSg,UhL9y3KUl8E,Undirected,1,autor,video,@aditalissethevasquezrojas8039,SHAI WA: la vecina queer de Casa Presidencial,Quorum,2,0,4,0.0,9
UC_ljZ1hZXR9pzexFz87P5ZA,lj983NWyAQY,Undirected,1,autor,video,@ChRiStOpHeR7969,Plan 2032 Ciudad de Guatemala,Municipalidad de Guatemala,0,0,13,0.0,1
UCa36MjQLoPAmgJo-R3G8WQA,6W4u8sGEnGM,Undirected,1,autor,video,@elsasalguero6914,Inician los trabajos de recuperación del Puente Belice II.,Gobierno de la República de Guatemala,3,0,4,1.0,0
UCaKAjTW9MVub_clgr4DRYjQ,j43HgwYFKfk,Undirected,1,autor,video,@josecastillo4390,La cooptación de Walter Mazariegos en la USAC,Quorum,6,0,2,0.0,0
UCaT4saRcyqCLE657Rq2hhZQ,6W4u8sGEnGM,Undirected,1,autor,video,@elmilenial4064,Inician los trabajos de recuperación del Puente Belice II.,Gobierno de la República de Guatemala,0,0,3,1.0,0
UCaT6M2zp7X6r6Whd8Vv3kHQ,lj983NWyAQY,Undirected,1,autor,video,@alexarcos8349,Plan 2032 Ciudad de Guatemala,Municipalidad de Guatemala,1,0,5,0.0,1
UCat2qkYvqmtDNEmo2PVuhXw,OkXlHx0hx-8,Undirected,1,autor,video,@DoraSalas-j5o,EE.UU. envía a mexicanos deportados a Guatemala antes de su regreso a México | Noticias Telemundo,Noticias Telemundo,1,0,5,0.0,2
UCbNanjFI51cwGqMAb2rOrBw,OkXlHx0hx-8,Undirected,1,autor,video,@RosaMontesdeOca777,EE.UU. envía a mexicanos deportados a Guatemala antes de su regreso a México | Noticias Telemundo,Noticias Telemundo,0,0,11,1.0,2
UCbYoNG5J3Au5BqtbXogfEFw,PjmxCj-a9Hg,Undirected,1,autor,video,@Luis-gn3fj,Conferencia de Prensa del Gobierno de Guatemala. #LaRondaGt,Gobierno de la República de Guatemala,1,0,0,0.0,0
UCbrtvygfRT6QXqWDNrOf-cA,ndAZjHqzzT8,Undirected,1,autor,video,@Alejandro00710,Internet: escoger el menos malo,Quorum,0,0,11,0.0,0
UCbrtvygfRT6QXqWDNrOf-cA,yLZS3JiEBg8,Undirected,1,autor,video,@Alejandro00710,Arroz con pollo a la MONOPOLIO,Quorum,0,0,5,0.0,0
UCcFIBN-rtC3d3hXeuN5TfWw,yLZS3JiEBg8,Undirected,1,autor,video,@DenisRMC,Arroz con pollo a la MONOPOLIO,Quorum,0,0,18,1.0,0
UCc_F88PzGWtA1OPNUEASulA,yLZS3JiEBg8,Undirected,1,autor,video,@rockyscarlet,Arroz con pollo a la MONOPOLIO,Quorum,0,0,11,0.0,0
UCcfdg8crmMJwEuLUsAhV7yg,n8iP75gIpmw,Undirected,1,autor,video,@RolandoRaguay,Qué rico come tu diputado,Quorum,1,0,17,0.0,0
UCdFlugHJJa4l3YqWuNRmvXw,is3Mk5oC19g,Undirected,1,autor,video,@MarcosCarillo-b1r,Capturan a ladrón que había quedado grabado mientras robaba en una parroquia de Retalhuleu,TN23 Guatemala,0,1,5,-1.0,0
UCdFlugHJJa4l3YqWuNRmvXw,j43HgwYFKfk,Undirected,1,autor,video,@MarcosCarillo-b1r,La cooptación de Walter Mazariegos en la USAC,Quorum,0,0,6,-1.0,0
UCdQAuWwyC99MB7Y02Umj26Q,yLZS3JiEBg8,Undirected,1,autor,video,@miguelbran1268,Arroz con pollo a la MONOPOLIO,Quorum,0,0,29,0.0,0
UCe8JZoYkX5oKUZyivHYdXhw,j43HgwYFKfk,Undirected,1,autor,video,@FernandoGarcia-jg1fj,La cooptación de Walter Mazariegos en la USAC,Quorum,0,0,21,-1.0,0
UCeDNEtI8_a42bZ47wJiJMwQ,j43HgwYFKfk,Undirected,1,autor,video,@EdgarcalderonCalderong,La cooptación de Walter Mazariegos en la USAC,Quorum,0,0,3,0.0,0
UCeQk-WfEA-cJRq4EKeE7TOw,6W4u8sGEnGM,Undirected,1,autor,video,@franciscojuarez9223,Inician los trabajos de recuperación del Puente Belice II.,Gobierno de la República de Guatemala,0,0,19,-1.0,0
UCefAH1MbvADWUjE9WVcB9EQ,yLZS3JiEBg8,Undirected,1,autor,video,@jabriz8152,Arroz con pollo a la MONOPOLIO,Quorum,0,0,10,0.0,0
UCf5lnNZF7Qrtli9v4N_23WQ,PjmxCj-a9Hg,Undirected,1,autor,video,@CarlosCortez-v5r,Conferencia de Prensa del Gobierno de Guatemala. #LaRondaGt,Gobierno de la República de Guatemala,0,0,5,0.0,0
UCfM3nrxtTQMY5jFx1v1J4Gg,n8iP75gIpmw,Undirected,1,autor,video,@edgarroldan5539,Qué rico come tu diputado,Quorum,0,0,10,-1.0,0
UCfRqgt2O-vjzUDMZY_tnxQw,is3Mk5oC19g,Undirected,1,autor,video,@Williams-Garcia67E,Capturan a ladrón que había quedado grabado mientras robaba en una parroquia de Retalhuleu,TN23 Guatemala,0,0,4,0.0,0
UCfXykdbSU97rj987LDUGfvg,06mFNPU0aB8,Undirected,1,autor,video,@MariaSantos-c8y3h,Capturan a presuntos delincuentes disfrazados de mujer señalados de cometer asalto,Noti7,1,0,1,0.0,0
UCfjhejO7LZy4doXURa7LZCQ,06mFNPU0aB8,Undirected,1,autor,video,@HonwayLee-z5g,Capturan a presuntos delincuentes disfrazados de mujer señalados de cometer asalto,Noti7,0,0,0,0.0,0
UCfo_yUPzy1f1POwwZxhZ06Q,6W4u8sGEnGM,Undirected,1,autor,video,@lara11roberto,Inician los trabajos de recuperación del Puente Belice II.,Gobierno de la República de Guatemala,1,0,20,0.0,0
UCg3eIfd7BrsLEqS0BLkftHA,PjmxCj-a9Hg,Undirected,3,autor,video,@ErmePérez-q4s,Conferencia de Prensa del Gobierno de Guatemala. #LaRondaGt,Gobierno de la República de Guatemala,0,0,21,0.0,0
UCgGqw4aqMdMVSGkKiMgrJRQ,6W4u8sGEnGM,Undirected,1,autor,video,@pattyfigueroa5609,Inician los trabajos de recuperación del Puente Belice II.,Gobierno de la República de Guatemala,0,0,6,1.0,0
UCgJNFj5dnxXpcMvmuhZDPxA,j43HgwYFKfk,Undirected,1,autor,video,@NataliaRodriguez-rx5mr,La cooptación de Walter Mazariegos en la USAC,Quorum,1,0,1,1.0,0
UCgLrWFdYitoP-b7-PxtUr-w,lj983NWyAQY,Undirected,1,autor,video,@zetag,Plan 2032 Ciudad de Guatemala,Municipalidad de Guatemala,405,3,2,0.0,1
UCgLurCo-e019HGODcjXHWCw,lj983NWyAQY,Undirected,1,autor,video,@perritojuega1,Plan 2032 Ciudad de Guatemala,Municipalidad de Guatemala,2,0,2,1.0,1
UCgQJgI9vu1FI2dnC9mrFthw,PjmxCj-a9Hg,Undirected,1,autor,video,@srms70,Conferencia de Prensa del Gobierno de Guatemala. #LaRondaGt,Gobierno de la República de Guatemala,2,0,3,0.0,0
UCgQw_Sbq3ugruDUKsq1e0-A,j43HgwYFKfk,Undirected,1,autor,video,@marlenareano-h4t,La cooptación de Walter Mazariegos en la USAC,Quorum,0,0,6,-1.0,0
UCgvw7xIdGFupzpt1Y_BFkEA,n8iP75gIpmw,Undirected,1,autor,video,@fredygarcia9151,Qué rico come tu diputado,Quorum,1,0,3,1.0,0
UCh5ESQvtzyHDhCA7XyekCFA,n8iP75gIpmw,Undirected,3,autor,video,@andyB5280,Qué rico come tu diputado,Quorum,4,0,19,-0.667,0
UChT7pzGytNd92Nmvi-zuWog,yLZS3JiEBg8,Undirected,1,autor,video,@sparkvalkov,Arroz con pollo a la MONOPOLIO,Quorum,1,0,2,0.0,0
UChZknRmJkeGeQk0-mQuhDOg,n8iP75gIpmw,Undirected,1,autor,video,@OdilioRodríguez-c5w,Qué rico come tu diputado,Quorum,1,0,10,0.0,0
UCheEJ5GZuIvV0fj-nXyVwXw,6W4u8sGEnGM,Undirected,1,autor,video,@rosaoliva9389,Inician los trabajos de recuperación del Puente Belice II.,Gobierno de la República de Guatemala,0,0,3,0.0,0
UChep9kVb5gQmpodEEl10Xlg,n8iP75gIpmw,Undirected,1,autor,video,@carlosaguilar-kz7ml,Qué rico come tu diputado,Quorum,0,0,7,0.0,0
UChgkn5Jt5tWKYMoEOuCjz3Q,n8iP75gIpmw,Undirected,1,autor,video,@pablochitay46,Qué rico come tu diputado,Quorum,2,0,3,0.0,0
UChs3tU2BcKOT0CezykvAsGw,n8iP75gIpmw,Undirected,3,autor,video,@byronpontaza,Qué rico come tu diputado,Quorum,4,0,27,-0.333,0
UChyps3dqY-VY1_wLeq-2lhw,6W4u8sGEnGM,Undirected,1,autor,video,@maydamorales4395,Inician los trabajos de recuperación del Puente Belice II.,Gobierno de la República de Guatemala,14,1,25,0.0,0
UCi-vPdnpQreC7BkFs40mJGA,lj983NWyAQY,Undirected,1,autor,video,@bryansicasales4280,Plan 2032 Ciudad de Guatemala,Municipalidad de Guatemala,35,0,5,1.0,1
UCi1b_TRQfgO1Z9O2gNGGWNA,n8iP75gIpmw,Undirected,2,autor,video,@davidisraelesquitsaquil,Qué rico come tu diputado,Quorum,0,0,68,0.333,0
UCi2KiZq63sRq8Mfbcp-MelQ,OkXlHx0hx-8,Undirected,6,autor,video,@eugeneramirez4405,EE.UU. envía a mexicanos deportados a Guatemala antes de su regreso a México | Noticias Telemundo,Noticias Telemundo,1,0,50,0.0,2
UCiC-Jn7wdgyQV4_Urk0DkWQ,j43HgwYFKfk,Undirected,1,autor,video,@pedroros6358,La cooptación de Walter Mazariegos en la USAC,Quorum,1,0,14,0.0,0
UCiGRBf2RNF0WRKhRVT7zFoA,n8iP75gIpmw,Undirected,1,autor,video,@edwinavila4876,Qué rico come tu diputado,Quorum,0,0,18,0.0,0
UCiMythXHsw7eQEMykCdmMUA,n8iP75gIpmw,Undirected,1,autor,video,@JavierBecerra-h6x,Qué rico come tu diputado,Quorum,2,0,8,0.0,0
UCiOZX__1gahg1ypIj0_XG_w,6W4u8sGEnGM,Undirected,1,autor,video,@mariogonzalezorellana8956,Inician los trabajos de recuperación del Puente Belice II.,Gobierno de la República de Guatemala,1,0,1,0.0,0
UCipetjeiWj4CZB6EbyYziZg,n8iP75gIpmw,Undirected,1,autor,video,@OseasSamayoa-ol5rz,Qué rico come tu diputado,Quorum,0,0,8,-1.0,0
UCj-LL25XJnjxepPKCc3NGog,n8iP75gIpmw,Undirected,1,autor,video,@anaaguirre8985,Qué rico come tu diputado,Quorum,1,0,27,1.0,0
UCjJf-AJKRFFWtiN-CSwkDmA,ndAZjHqzzT8,Undirected,1,autor,video,@2jose82,Internet: escoger el menos malo,Quorum,0,0,20,0.0,0
UCjSKM9j0Q7HLDr1hD6D-TUw,n8iP75gIpmw,Undirected,1,autor,video,@josehidalgo4875,Qué rico come tu diputado,Quorum,2,0,31,0.0,0
UCjZgFEowMBrsjodqfovzdKw,06mFNPU0aB8,Undirected,1,autor,video,@franciscoflores3120,Capturan a presuntos delincuentes disfrazados de mujer señalados de cometer asalto,Noti7,0,0,2,0.0,0
UCjZgFEowMBrsjodqfovzdKw,6W4u8sGEnGM,Undirected,1,autor,video,@franciscoflores3120,Inician los trabajos de recuperación del Puente Belice II.,Gobierno de la República de Guatemala,0,0,3,1.0,0
UCjmPuazZJzscrwvk0QR9RVw,n8iP75gIpmw,Undirected,1,autor,video,@mynorrodas8591,Qué rico come tu diputado,Quorum,2,0,12,-0.333,0
UCk4O-J1BhoqPmig1KLGJePA,is3Mk5oC19g,Undirected,1,autor,video,@lazarobarillas3575,Capturan a ladrón que había quedado grabado mientras robaba en una parroquia de Retalhuleu,TN23 Guatemala,0,0,5,0.0,0
UCkVtmkK07b2zaVVNssX4lOg,j43HgwYFKfk,Undirected,1,autor,video,@HectorElias-u2l,La cooptación de Walter Mazariegos en la USAC,Quorum,0,0,3,-1.0,0
UCkbsS_3D-pvg1iHOld9uvIg,j43HgwYFKfk,Undirected,1,autor,video,@gonzalo6075,La cooptación de Walter Mazariegos en la USAC,Quorum,0,0,7,-1.0,0
UCkd9W714-947dEE6ZOEBATA,n8iP75gIpmw,Undirected,2,autor,video,@ARGELIATELON,Qué rico come tu diputado,Quorum,3,0,33,0.0,0
UCkxdJ_yGN2gghOMo2ybQtXQ,yLZS3JiEBg8,Undirected,1,autor,video,@11223344An,Arroz con pollo a la MONOPOLIO,Quorum,1,0,5,0.0,0
UCl0ekS9Tt0jJGtOEM18S63w,n8iP75gIpmw,Undirected,1,autor,video,@monkchapin,Qué rico come tu diputado,Quorum,0,0,1,0.0,0
UCld2stqxaVSk0QdGncM224A,TT4qJ5FXHYE,Undirected,1,autor,video,@sarahernandez3873,"I’x K’at: el primer equipo guatemalteco de pelota maya, conformado únicamente por mujeres.",Quorum,4,0,16,1.0,3
UClhMWQ7XKWywYvbRnuf8QsA,j43HgwYFKfk,Undirected,1,autor,video,@EcPerez-zz9oh,La cooptación de Walter Mazariegos en la USAC,Quorum,0,0,2,0.0,0
UCljDbleJul41G1TzOjOZAVA,n8iP75gIpmw,Undirected,1,autor,video,@hectorcarranza3777,Qué rico come tu diputado,Quorum,1,0,20,-1.0,0
UClqA491Xa5fQcXcJJa-vTWw,j43HgwYFKfk,Undirected,1,autor,video,@AndresLemus-k2d,La cooptación de Walter Mazariegos en la USAC,Quorum,0,0,10,-1.0,0
UClsrFGJKWPxxw7MiaEdKLXw,PjmxCj-a9Hg,Undirected,1,autor,video,@ericapaz5406,Conferencia de Prensa del Gobierno de Guatemala. #LaRondaGt,Gobierno de la República de Guatemala,3,2,19,0.0,0
UCmjppp6ujz3SAnULvP3sZMw,n8iP75gIpmw,Undirected,1,autor,video,@marcomendez7509,Qué rico come tu diputado,Quorum,0,0,13,-1.0,0
UCmvOgzmmXbjUthHy-WJ52hQ,n8iP75gIpmw,Undirected,1,autor,video,@mariorodas593,Qué rico come tu diputado,Quorum,1,0,3,0.0,0
UCnU8wO1OurAmGstDw6VGjgQ,ndAZjHqzzT8,Undirected,1,autor,video,@cmorera21,Internet: escoger el menos malo,Quorum,0,0,110,0.6,0
UCoGdCoJg2Lh0OX_jv6cG16g,6W4u8sGEnGM,Undirected,2,autor,video,@Israel-u5i7i,Inician los trabajos de recuperación del Puente Belice II.,Gobierno de la República de Guatemala,2,0,3,0.0,0
UColMq7LmaoY3MT6aIDGrGvA,j43HgwYFKfk,Undirected,1,autor,video,@quijotachapina1,La cooptación de Walter Mazariegos en la USAC,Quorum,0,0,9,-1.0,0
UCozFYHN0e_-vlQbX3wQGOug,OkXlHx0hx-8,Undirected,1,autor,video,@jesusguzman2321,EE.UU. envía a mexicanos deportados a Guatemala antes de su regreso a México | Noticias Telemundo,Noticias Telemundo,5,2,7,1.0,2
UCp29O_C7cchZV8IxV7Crdag,6W4u8sGEnGM,Undirected,2,autor,video,@robertoescobar5507,Inician los trabajos de recuperación del Puente Belice II.,Gobierno de la República de Guatemala,0,0,6,0.5,0
UCp4iw5_5SmV9VGTFSNVGOmQ,n8iP75gIpmw,Undirected,1,autor,video,@CARLOSSTREMS51,Qué rico come tu diputado,Quorum,0,0,15,0.0,0
UCpIdtvoFHVLGASGB5ySqIEA,n8iP75gIpmw,Undirected,1,autor,video,@VidalVillatoro-p4w,Qué rico come tu diputado,Quorum,1,0,12,0.0,0
UCp_dAUfv8i3LW3zWc24dLaQ,OkXlHx0hx-8,Undirected,1,autor,video,@MarioCortez-o6v,EE.UU. envía a mexicanos deportados a Guatemala antes de su regreso a México | Noticias Telemundo,Noticias Telemundo,1,0,1,0.0,2
UCpe5jW3MIqkgTJ-PgkzvM6Q,j43HgwYFKfk,Undirected,1,autor,video,@carloslam5333,La cooptación de Walter Mazariegos en la USAC,Quorum,1,0,3,0.0,0
UCpl8rF8uv_8uui-QRvuJaRA,n8iP75gIpmw,Undirected,1,autor,video,@SergioGarcia-z9c,Qué rico come tu diputado,Quorum,0,0,9,0.0,0
UCplrIQtaPj6au60_f2-mOYw,n8iP75gIpmw,Undirected,1,autor,video,@romeolopezherrarte799,Qué rico come tu diputado,Quorum,0,0,6,0.0,0
UCpsKOkt5iWTbenzeuq7dsmQ,j43HgwYFKfk,Undirected,1,autor,video,@inge_vergueta,La cooptación de Walter Mazariegos en la USAC,Quorum,2,0,0,1.0,0
UCpsKOkt5iWTbenzeuq7dsmQ,n8iP75gIpmw,Undirected,1,autor,video,@inge_vergueta,Qué rico come tu diputado,Quorum,1,0,11,0.0,0
UCpsKOkt5iWTbenzeuq7dsmQ,ndAZjHqzzT8,Undirected,1,autor,video,@inge_vergueta,Internet: escoger el menos malo,Quorum,1,0,5,0.0,0
UCq3mDTTRZnUybct5M9OSXbg,06mFNPU0aB8,Undirected,1,autor,video,@MacoMorales-i2i2d,Capturan a presuntos delincuentes disfrazados de mujer señalados de cometer asalto,Noti7,1,0,2,0.0,0
UCqCrvuoJpC-aVb0f4logQRQ,j43HgwYFKfk,Undirected,1,autor,video,@Lyrics_GT,La cooptación de Walter Mazariegos en la USAC,Quorum,0,0,14,0.0,0
UCqilIa8r7iek5sGYg_q6ofA,lj983NWyAQY,Undirected,1,autor,video,@rolandojuchuna484,Plan 2032 Ciudad de Guatemala,Municipalidad de Guatemala,52,1,8,1.0,1
UCql1n3Ey6ULMSOACjMe-fxQ,6W4u8sGEnGM,Undirected,1,autor,video,@RolandoGonzalez-o7g,Inician los trabajos de recuperación del Puente Belice II.,Gobierno de la República de Guatemala,6,7,11,0.0,0
UCr1emrogPKkKTs_WTtx71xg,n8iP75gIpmw,Undirected,1,autor,video,@domingopeneleu6457,Qué rico come tu diputado,Quorum,0,0,3,0.0,0
UCrJn_rbo_ENAdeqneS-RmRw,n8iP75gIpmw,Undirected,2,autor,video,@josecarrera9623,Qué rico come tu diputado,Quorum,1,0,29,0.0,0
UCrqXyRsg-_hTosURZ-uvoKg,OkXlHx0hx-8,Undirected,1,autor,video,@flornolberto2425,EE.UU. envía a mexicanos deportados a Guatemala antes de su regreso a México | Noticias Telemundo,Noticias Telemundo,0,0,14,0.0,2
UCsGoJEvb-cFPZ2rWoJcXzEQ,j43HgwYFKfk,Undirected,1,autor,video,@sergiohinestroza9709,La cooptación de Walter Mazariegos en la USAC,Quorum,10,0,5,1.0,0
UCsJJAvrVGupdmhOqgtDp8dg,n8iP75gIpmw,Undirected,1,autor,video,@nestorlorenzana1168,Qué rico come tu diputado,Quorum,1,0,7,-1.0,0
UCsSXdJct-nsS8DsABoEsaYA,n8iP75gIpmw,Undirected,1,autor,video,@IvánPérez-j4j,Qué rico come tu diputado,Quorum,2,1,13,0.0,0
UCsUCN0Yq_UyTvKjOJLmNrnQ,b_Hkrkl3adA,Undirected,1,autor,video,@moisesvaldez4043,Bloqueos en Guatemala este 31 de agosto por alza en combustibles afectan rutas principales,PrensaLibreOficial,0,0,6,0.0,0
UCsUCN0Yq_UyTvKjOJLmNrnQ,n8iP75gIpmw,Undirected,1,autor,video,@moisesvaldez4043,Qué rico come tu diputado,Quorum,0,0,5,1.0,0
UCs_5qeqdku9tGAq22y3OcuQ,lj983NWyAQY,Undirected,1,autor,video,@alexandrevasquez4135,Plan 2032 Ciudad de Guatemala,Municipalidad de Guatemala,4,0,16,0.0,1
UCsjs5Hp_r86x1xbK6FAeqaA,n8iP75gIpmw,Undirected,1,autor,video,@alvaroesquivel563,Qué rico come tu diputado,Quorum,2,0,14,-1.0,0
UCtCtts20bW6F9CSohau51Iw,6W4u8sGEnGM,Undirected,2,autor,video,@carlosgranados9875,Inician los trabajos de recuperación del Puente Belice II.,Gobierno de la República de Guatemala,0,0,23,1.0,0
UCtMBF_1O2jY2INlb_luuB_A,lj983NWyAQY,Undirected,1,autor,video,@mynorgudiel8646,Plan 2032 Ciudad de Guatemala,Municipalidad de Guatemala,15,0,9,0.0,1
UCtNfIBnc5S5DbbQj_yxgJTw,n8iP75gIpmw,Undirected,1,autor,video,@JosueRamirez-ey3ih,Qué rico come tu diputado,Quorum,1,0,1,0.0,0
UCtNyHmRZtvGF2hSvI2dUBWw,PjmxCj-a9Hg,Undirected,2,autor,video,@aureliomaldonado4793,Conferencia de Prensa del Gobierno de Guatemala. #LaRondaGt,Gobierno de la República de Guatemala,1,0,18,0.5,0
UCtUR3_CAiE7fCoZHM6cMfyQ,n8iP75gIpmw,Undirected,1,autor,video,@mdelcid01,Qué rico come tu diputado,Quorum,10,0,6,0.0,0
UCtiHFjFu7d5v2XxHnKFUYig,OkXlHx0hx-8,Undirected,1,autor,video,@Paul-gf7ec,EE.UU. envía a mexicanos deportados a Guatemala antes de su regreso a México | Noticias Telemundo,Noticias Telemundo,0,0,8,0.0,2
UCtowGNY2lnlg6O2CkwDgkLg,TT4qJ5FXHYE,Undirected,1,autor,video,@taniagabrielacelis8434,"I’x K’at: el primer equipo guatemalteco de pelota maya, conformado únicamente por mujeres.",Quorum,2,0,9,1.0,3
UCtsxPYw8VUsH_FfnKg-0lmw,6W4u8sGEnGM,Undirected,1,autor,video,@AlejandroPérez-b6r,Inician los trabajos de recuperación del Puente Belice II.,Gobierno de la República de Guatemala,2,0,3,0.0,0
UCu8_3-Wg-YzNyvHYQDEscfw,j43HgwYFKfk,Undirected,1,autor,video,@RolandoCastroPérez-d7y,La cooptación de Walter Mazariegos en la USAC,Quorum,2,0,5,1.0,0
UCuP4UK33HKtJE_S39ksmaTw,PjmxCj-a9Hg,Undirected,1,autor,video,@herbertaguilar1387,Conferencia de Prensa del Gobierno de Guatemala. #LaRondaGt,Gobierno de la República de Guatemala,0,0,12,-1.0,0
UCuXmOjxC-htcprLgeVXz6Tg,j43HgwYFKfk,Undirected,1,autor,video,@jorgeaguilar-bq3uj,La cooptación de Walter Mazariegos en la USAC,Quorum,1,0,22,0.0,0
UCueV9cTyTDwgQSec1x2dYgA,n8iP75gIpmw,Undirected,1,autor,video,@fredydomingo7062,Qué rico come tu diputado,Quorum,0,0,5,0.0,0
UCujPF2nBgsTD62nWE3lcpIg,n8iP75gIpmw,Undirected,1,autor,video,@victorarturoruanobautista7588,Qué rico come tu diputado,Quorum,0,0,4,0.0,0
UCusjriFsDHEc2AOjqk-p5ig,PjmxCj-a9Hg,Undirected,1,autor,video,@pablobarrios7931,Conferencia de Prensa del Gobierno de Guatemala. #LaRondaGt,Gobierno de la República de Guatemala,2,0,30,0.0,0
UCut6b9S98nv84cVX89PmKzA,n8iP75gIpmw,Undirected,2,autor,video,@yeniferaguirre4498,Qué rico come tu diputado,Quorum,1,0,52,-0.5,0
UCvApqeCbLod-wejtT4CcVuA,n8iP75gIpmw,Undirected,1,autor,video,@davidgaher9550,Qué rico come tu diputado,Quorum,15,0,8,-1.0,0
UCvDwJBBY1mHK70aTEYl6rsA,6W4u8sGEnGM,Undirected,1,autor,video,@cristianescobedo8296,Inician los trabajos de recuperación del Puente Belice II.,Gobierno de la República de Guatemala,1,0,20,0.0,0
UCvcu1kR8xMYy_I1Ty-2mV2Q,WIUZtitfLRw,Undirected,1,autor,video,@hashojea7348,Caminar en una ciudad hecha para carros,Quorum,0,0,2,1.0,0
UCvcu1kR8xMYy_I1Ty-2mV2Q,ndAZjHqzzT8,Undirected,2,autor,video,@hashojea7348,Internet: escoger el menos malo,Quorum,0,0,6,0.5,0
UCvcu1kR8xMYy_I1Ty-2mV2Q,yLZS3JiEBg8,Undirected,1,autor,video,@hashojea7348,Arroz con pollo a la MONOPOLIO,Quorum,0,0,4,0.0,0
UCvl1tzQeBeGy6efPTRJXSCw,06mFNPU0aB8,Undirected,1,autor,video,@RaulPerez-cw2vi,Capturan a presuntos delincuentes disfrazados de mujer señalados de cometer asalto,Noti7,0,0,11,0.0,0
UCwCfs-2zbD5k0lG-UVg_JBw,06mFNPU0aB8,Undirected,1,autor,video,@JessicaHuaz-96,Capturan a presuntos delincuentes disfrazados de mujer señalados de cometer asalto,Noti7,0,0,3,1.0,0
UCwEe1RKlEv1UpNWmWYfSh4w,yLZS3JiEBg8,Undirected,1,autor,video,@marioramirez299,Arroz con pollo a la MONOPOLIO,Quorum,0,0,17,-1.0,0
UCwO2SXr0ggzwg6QWWrr01nQ,n8iP75gIpmw,Undirected,1,autor,video,@ricardofigueroa5720,Qué rico come tu diputado,Quorum,11,0,2,0.0,0
UCwUAv3_LpWVtTIi7lkmTL7A,lj983NWyAQY,Undirected,1,autor,video,@kingr4706,Plan 2032 Ciudad de Guatemala,Municipalidad de Guatemala,16,0,10,1.0,1
UCwW2OFy95P7ZBkOPxWkpvYg,n8iP75gIpmw,Undirected,2,autor,video,@TeresaLucero-b5o,Qué rico come tu diputado,Quorum,2,0,5,0.0,0
UCwgCc9Jd_gG-uLE_SY-FfPg,j43HgwYFKfk,Undirected,1,autor,video,@armindapenados2841,La cooptación de Walter Mazariegos en la USAC,Quorum,0,0,3,0.0,0
UCwha8rxULYMVtNwZWeSkE1A,n8iP75gIpmw,Undirected,1,autor,video,@mariasamo8637,Qué rico come tu diputado,Quorum,0,0,6,-1.0,0
UCwjUvRseNtJoItylIyIez7Q,j43HgwYFKfk,Undirected,1,autor,video,@Silviazea,La cooptación de Walter Mazariegos en la USAC,Quorum,0,0,2,-1.0,0
UCwxoKK59nGCeBqB2sXfDBIw,6W4u8sGEnGM,Undirected,1,autor,video,@vic-bonivideos,Inician los trabajos de recuperación del Puente Belice II.,Gobierno de la República de Guatemala,0,1,26,-1.0,0
UCxKR3RA8T-kxMgq_2WWhRcQ,lj983NWyAQY,Undirected,1,autor,video,@elenaluarca9377,Plan 2032 Ciudad de Guatemala,Municipalidad de Guatemala,329,5,23,1.0,1
UCxcoDvP-g2_KTZDmVZtvb3w,yLZS3JiEBg8,Undirected,1,autor,video,@angelmartinez9523,Arroz con pollo a la MONOPOLIO,Quorum,0,0,81,0.0,0
UCxff05WuyvwELNITi7bj7UA,n8iP75gIpmw,Undirected,1,autor,video,@markoherrera,Qué rico come tu diputado,Quorum,3,0,6,0.0,0
UCxhtlxPV8AYWaNNyU6S9H8Q,OkXlHx0hx-8,Undirected,1,autor,video,@WilR-s8r,EE.UU. envía a mexicanos deportados a Guatemala antes de su regreso a México | Noticias Telemundo,Noticias Telemundo,0,0,11,1.0,2
UCyJhqmMbsvjpoarBBStA2kg,6W4u8sGEnGM,Undirected,6,autor,video,@Murmullodelbarrio,Inician los trabajos de recuperación del Puente Belice II.,Gobierno de la República de Guatemala,14,0,44,0.0,0
UCySYJU5kUh7X8gVt9la2ISA,n8iP75gIpmw,Undirected,1,autor,video,@dantesarti4351,Qué rico come tu diputado,Quorum,0,0,9,0.0,0
UCyW68EGZey4ao_Vf2cR5Ztg,WIUZtitfLRw,Undirected,1,autor,video,@ZabalaXabier,Caminar en una ciudad hecha para carros,Quorum,0,0,13,-1.0,0
UCylqlpsh8ENNM1LqgQ1KbxA,j43HgwYFKfk,Undirected,2,autor,video,@Jel.Awesh.M,La cooptación de Walter Mazariegos en la USAC,Quorum,1,0,8,-0.5,0
UCylqlpsh8ENNM1LqgQ1KbxA,n8iP75gIpmw,Undirected,1,autor,video,@Jel.Awesh.M,Qué rico come tu diputado,Quorum,0,0,3,0.0,0
UCyor0Mmm0ivLX2jIdyGp84Q,3Nfp9h5avBI,Undirected,1,autor,video,@MiguelJordan-n3g,"Noticiero en Directo 1 pm, 28 de Agosto de 2026",Noticiero Guatevisión 13 Hrs.,0,0,7,0.0,5
UCyzf29IYjNw67gGIfsjgtxA,lj983NWyAQY,Undirected,1,autor,video,@carlosoliva9249,Plan 2032 Ciudad de Guatemala,Municipalidad de Guatemala,45,0,16,1.0,1
UCz3gu01bmjNv0DpRq-K3XYg,n8iP75gIpmw,Undirected,2,autor,video,@eusebiovasquez4385,Qué rico come tu diputado,Quorum,2,0,6,-1.0,0
UCzSfZlOVxBSs5ObD25ywxDQ,n8iP75gIpmw,Undirected,1,autor,video,@GilmarMaldonado-q9m,Qué rico come tu diputado,Quorum,0,0,30,-1.0,0
UCzZ6dDCEsLMXbc5pCFXIprw,6W4u8sGEnGM,Undirected,1,autor,video,@josegil3813,Inician los trabajos de recuperación del Puente Belice II.,Gobierno de la República de Guatemala,0,0,10,1.0,0
UCzZ6dDCEsLMXbc5pCFXIprw,PjmxCj-a9Hg,Undirected,1,autor,video,@josegil3813,Conferencia de Prensa del Gobierno de Guatemala. #LaRondaGt,Gobierno de la República de Guatemala,0,0,7,0.0,0
UCzoL2l5H5eVlorWGH8AZfAg,n8iP75gIpmw,Undirected,1,autor,video,@jor77cas,Qué rico come tu diputado,Quorum,6,0,17,0.0,0
