id,tipo,etiqueta,comunidad,grado,comentarios,grado_norm,intermediacion,cercania,pagerank
UCdFlugHJJa4l3YqWuNRmvXw,autor,@MarcosCarillo-b1r,10,2,2,0.1053,0.03186,0.1761,0.0027
UCvl1tzQeBeGy6efPTRJXSCw,autor,@RaulPerez-cw2vi,8,1,1,0.0526,0.0,0.1023,0.00149
UCRAquv8el-tQ30bN7MlmySQ,autor,@iamjimalesssa,2,1,1,0.0526,0.0,0.1742,0.0015
UCkbsS_3D-pvg1iHOld9uvIg,autor,@gonzalo6075,2,1,1,0.0526,0.0,0.1742,0.0015
UCOLHH4ZpMxPYF-Q6e6wvn5A,autor,@luisroldan7374,6,1,1,0.0526,0.0,0.0264,0.00128
UCi2KiZq63sRq8Mfbcp-MelQ,autor,@eugeneramirez4405,6,1,6,0.0526,0.0,0.0264,0.00555
UCXl30Y_upRqbti52fmjK4YA,autor,@capitanfrans,3,1,1,0.0526,0.0,0.1236,0.00151
UCRelkU8JiZBytTzebJxaa-w,autor,@danyraymundo2942,1,1,1,0.0526,0.0,0.2219,0.00131
UCgLurCo-e019HGODcjXHWCw,autor,@perritojuega1,5,1,1,0.0526,0.0,0.0364,0.00159
UCDIMztpVm7G27qBuiWuT6oQ,autor,@lizardomorataya8274,1,1,1,0.0526,0.0,0.2219,0.00131
UCZOmq6MwFDVoCaEl99BRRaw,autor,@daniloarevalo3170,3,1,1,0.0526,0.0,0.1679,0.00137
UCFybmWapGvBKcQod7cPPH9w,autor,@vitalianochavez8382,4,1,1,0.0526,0.0,0.1326,0.00123
UCh5ESQvtzyHDhCA7XyekCFA,autor,@andyB5280,1,1,3,0.0526,0.0,0.2219,0.00308
UCWIZUtKJ636y-4TYrNvok0g,autor,@cesarandreas7824,1,1,1,0.0526,0.0,0.2219,0.00131
UCzoL2l5H5eVlorWGH8AZfAg,autor,@jor77cas,1,1,1,0.0526,0.0,0.2219,0.00131
UCKVzDUqbtdSMBcexaEtMmzQ,autor,@rotorairgroup8409,11,1,1,0.0526,0.0,0.0065,0.00187
UCNpt5CQlTzNjlAKY6CJtClQ,autor,@eustaquiogomez9975,2,1,1,0.0526,0.0,0.1742,0.0015
UCut6b9S98nv84cVX89PmKzA,autor,@yeniferaguirre4498,1,1,2,0.0526,0.0,0.2219,0.00219
UCQyOePccUP-fIJYzchAgZYw,autor,@aguilar4254,2,1,1,0.0526,0.0,0.1742,0.0015
UCOLGv5Pf6BF2wFcwUzgcvHg,autor,@welfrealdana5559,1,1,2,0.0526,0.0,0.2219,0.00219
UCAxvOOHQk7dYPOajzFEVtbA,autor,@ruddydepaz322,8,1,2,0.0526,0.0,0.1023,0.00255
UCQ_-LPP8JAbfkc-b1Q6NvWw,autor,@MegaKristenstewart,1,1,2,0.0526,0.0,0.2219,0.00219
UCXmrpc6Li0spcKxtS0Q_ptg,autor,@melvinperez6710,5,1,1,0.0526,0.0,0.0364,0.00159
UCZ51R_9Q9C0c8I3pAWhtmjQ,autor,@belvettzapeta1251,1,1,1,0.0526,0.0,0.2219,0.00131
UCPLW0HE3siElqCgXfgWxMqg,autor,@elizabethmonterroso7719,14,1,1,0.0526,0.0,0.0029,0.00285
UCxhtlxPV8AYWaNNyU6S9H8Q,autor,@WilR-s8r,6,1,1,0.0526,0.0,0.0264,0.00128
UCvcu1kR8xMYy_I1Ty-2mV2Q,autor,@hashojea7348,3,3,4,0.1579,0.05971,0.1732,0.00454
UCaKAjTW9MVub_clgr4DRYjQ,autor,@josecastillo4390,2,1,1,0.0526,0.0,0.1742,0.0015
UCxff05WuyvwELNITi7bj7UA,autor,@markoherrera,1,1,1,0.0526,0.0,0.2219,0.00131
UCZLG9qH0tUjNhEGFIUt0CYw,autor,@SoniaMarroquin-y6e,1,1,1,0.0526,0.0,0.2219,0.00131
UCwgCc9Jd_gG-uLE_SY-FfPg,autor,@armindapenados2841,2,1,1,0.0526,0.0,0.1742,0.0015
UCXSkL3ejZ8qWYyF_M7s_QKA,autor,@JacintaTzoy,1,1,1,0.0526,0.0,0.2219,0.00131
UChs3tU2BcKOT0CezykvAsGw,autor,@byronpontaza,1,1,3,0.0526,0.0,0.2219,0.00308
UC6PvO1_k5lHKGdAPo5_C6TA,autor,@johnmejia992,1,1,1,0.0526,0.0,0.2219,0.00131
UCwxoKK59nGCeBqB2sXfDBIw,autor,@vic-bonivideos,4,1,1,0.0526,0.0,0.1326,0.00123
UCWaRixDdpgllTBf4V0jPnKQ,autor,@hectormaaz5523,4,1,2,0.0526,0.0,0.1326,0.00204
UCkVtmkK07b2zaVVNssX4lOg,autor,@HectorElias-u2l,2,1,1,0.0526,0.0,0.1742,0.0015
UCN6qbfPSzFtjhqUDZ3Cv3CQ,autor,@carlosmedranovelasquez6380,1,1,1,0.0526,0.0,0.2219,0.00131
UC95PSMouTx2N5CbSq0hIyrQ,autor,@lisss1908,2,1,1,0.0526,0.0,0.1742,0.0015
UCueV9cTyTDwgQSec1x2dYgA,autor,@fredydomingo7062,1,1,1,0.0526,0.0,0.2219,0.00131
UC5H8ASmMC9WrURmzeB4ySog,autor,@ManuelEdran,1,1,5,0.0526,0.0,0.2219,0.00484
UCHhHUjaMAZ8SiXdCUCj9DkQ,autor,@fredymendez1786,1,1,2,0.0526,0.0,0.2219,0.00219
UCgvw7xIdGFupzpt1Y_BFkEA,autor,@fredygarcia9151,1,1,1,0.0526,0.0,0.2219,0.00131
UCeDNEtI8_a42bZ47wJiJMwQ,autor,@EdgarcalderonCalderong,2,1,1,0.0526,0.0,0.1742,0.0015
UCiOZX__1gahg1ypIj0_XG_w,autor,@mariogonzalezorellana8956,4,1,1,0.0526,0.0,0.1326,0.00123
UCqCrvuoJpC-aVb0f4logQRQ,autor,@Lyrics_GT,2,1,1,0.0526,0.0,0.1742,0.0015
UCld2stqxaVSk0QdGncM224A,autor,@sarahernandez3873,11,1,1,0.0526,0.0,0.0065,0.00187
UCpIdtvoFHVLGASGB5ySqIEA,autor,@VidalVillatoro-p4w,1,1,1,0.0526,0.0,0.2219,0.00131
UCtiHFjFu7d5v2XxHnKFUYig,autor,@Paul-gf7ec,6,1,1,0.0526,0.0,0.0264,0.00128
UCQM2tCKRRytVDRxNUfCDqQQ,autor,@elioelias7267,15,1,1,0.0526,0.0,0.0029,0.00285
UCWvntqPQx99k_Z_skWKqNSA,autor,@AntonioChiyal-x5s,4,1,1,0.0526,0.0,0.1326,0.00123
UCoGdCoJg2Lh0OX_jv6cG16g,autor,@Israel-u5i7i,4,1,2,0.0526,0.0,0.1326,0.00204
UChgkn5Jt5tWKYMoEOuCjz3Q,autor,@pablochitay46,1,1,1,0.0526,0.0,0.2219,0.00131
UCiC-Jn7wdgyQV4_Urk0DkWQ,autor,@pedroros6358,2,1,1,0.0526,0.0,0.1742,0.0015
UCQIdKuZ-OzuFqy0KjGrgesg,autor,@lyacausa,12,1,1,0.0526,0.0,0.0051,0.00198
UCXr8_5WtGeipe4haOoQDgyQ,autor,@amyherrera7352,1,1,1,0.0526,0.0,0.2219,0.00131
UC_3xuTXvMIWU5MYP9HkJ3vQ,autor,@Historia-wm4os,8,1,1,0.0526,0.0,0.1023,0.00149
UCFjudnPLoaSL1BaRuLahyHg,autor,@HaroldoCastillo-rh9iw,1,1,3,0.0526,0.0,0.2219,0.00308
UC-pNP6RMFuLg_-x7Ah_0kEA,autor,@almacatalan2717,1,1,1,0.0526,0.0,0.2219,0.00131
UC1Y7x3h0c95Z8kUhi-Tzaeg,autor,@rosadiaz9235,7,1,1,0.0526,0.0,0.1706,0.00127
UC1WlJfQmaIskYhP4gmWoamw,autor,@marthareiss5434,6,1,1,0.0526,0.0,0.0264,0.00128
UC3MYTqpQqlWBuCB7Th0e0PA,autor,@isaaclopez7220,1,1,1,0.0526,0.0,0.2219,0.00131
UCOcUI5XkTYNMSFhZNMIPpGg,autor,@hendersonlopez3864,2,1,1,0.0526,0.0,0.1742,0.0015
UCOS8ViEkccrTZx2w2ccxotA,autor,@OscarHernandez-q8y,1,1,1,0.0526,0.0,0.2219,0.00131
UC3iIU62XKUOWuqL8BqBzj9A,autor,@antonioduarte2288,9,1,1,0.0526,0.0,0.1461,0.00159
UCV3fr-YOixFKCZBbJP1-X4w,autor,@albertoshernandez5251,4,1,5,0.0526,0.0,0.1326,0.00445
UCmjppp6ujz3SAnULvP3sZMw,autor,@marcomendez7509,1,1,1,0.0526,0.0,0.2219,0.00131
UC5PyGvSfFM--OVKmQ3COu6g,autor,@FreddyGmez,5,1,1,0.0526,0.0,0.0364,0.00159
UCQqetiwzzmRNTM5OWuXarGQ,autor,@isaiaslopezvelasquez1539,1,1,1,0.0526,0.0,0.2219,0.00131
UCCaYwkkbQGcvFoUmothVdQQ,autor,@OsvaldoAguirre-l3i,1,1,1,0.0526,0.0,0.2219,0.00131
UCQgYjVngJRfPHDLGB5X6ZjA,autor,@oscarnavas9996,1,1,1,0.0526,0.0,0.2219,0.00131
UCN2N_wYOw6fMwCeSzdXLPIw,autor,@danielantoniogonzalezflore4901,7,1,1,0.0526,0.0,0.1706,0.00127
UC9vMq1YF-e7C-VO0SHkbUTA,autor,@ErvinLeonardoCarreraLatín,1,1,4,0.0526,0.0,0.2219,0.00396
UC8F2V63KZ4ZEay6opX2hAQw,autor,@carmenr6311,1,1,1,0.0526,0.0,0.2219,0.00131
UCheEJ5GZuIvV0fj-nXyVwXw,autor,@rosaoliva9389,4,1,1,0.0526,0.0,0.1326,0.00123
UCujPF2nBgsTD62nWE3lcpIg,autor,@victorarturoruanobautista7588,1,1,1,0.0526,0.0,0.2219,0.00131
UCV0iizTBoOfdAFX_thfI9BA,autor,@BenjaminLarios-jd8nk,1,1,1,0.0526,0.0,0.2219,0.00131
UCp29O_C7cchZV8IxV7Crdag,autor,@robertoescobar5507,4,1,2,0.0526,0.0,0.1326,0.00204
UCkxdJ_yGN2gghOMo2ybQtXQ,autor,@11223344An,3,1,1,0.0526,0.0,0.1236,0.00151
UCjZgFEowMBrsjodqfovzdKw,autor,@franciscoflores3120,8,2,2,0.1053,0.0579,0.1346,0.00229
UC4wq3DcbfaG6dtCqn8Oyu3w,autor,@hugoasencio7764,1,1,1,0.0526,0.0,0.2219,0.00131
UCVC2QugcI1G4RvlCiUqd1aQ,autor,@rwdm76,3,1,2,0.0526,0.0,0.1679,0.00231
UCXVLc8CmAO813ubM-fLvCDw,autor,@herminiasaquimux7565,3,1,1,0.0526,0.0,0.1236,0.00151
UCwW2OFy95P7ZBkOPxWkpvYg,autor,@TeresaLucero-b5o,1,1,2,0.0526,0.0,0.2219,0.00219
UC3XTwHxygNCgjndsg-UiCQA,autor,@marioajset4283,1,1,3,0.0526,0.0,0.2219,0.00308
UCgQw_Sbq3ugruDUKsq1e0-A,autor,@marlenareano-h4t,2,1,1,0.0526,0.0,0.1742,0.0015
UCL13XhnRzbGokEkCkEOb0-g,autor,@raquelprado3643,1,1,2,0.0526,0.0,0.2219,0.00219
UCQtSFINs1h6GHkpg9o5kMvg,autor,@MacarioMartinezruiz,1,1,1,0.0526,0.0,0.2219,0.00131
UC2ngpd8UBQu4gcUYy0goAtg,autor,@juliohernandez7438,8,1,1,0.0526,0.0,0.1023,0.00149
UC7IMsCxfZyWN7YQo8-JYa6Q,autor,@Burgos68,7,1,2,0.0526,0.0,0.1706,0.00212
UCzSfZlOVxBSs5ObD25ywxDQ,autor,@GilmarMaldonado-q9m,1,1,1,0.0526,0.0,0.2219,0.00131
UCLFdHr9BEbXHkoJopbEPLZw,autor,@kanterra4584,1,1,2,0.0526,0.0,0.2219,0.00219
UCNkcuy42zEwddwEcOd_HpnA,autor,@vanigomez492,1,1,1,0.0526,0.0,0.2219,0.00131
UCJp3OrVYcBorC94sKwdch_A,autor,@ULJoshmg2011,3,1,1,0.0526,0.0,0.1679,0.00137
UCLh1Kde4_vI1sTZBkTNP7RQ,autor,@JoelReynoso-d4r,10,1,1,0.0526,0.0,0.1238,0.00162
UCThW2XNsAaBKme5PUt7n-Zg,autor,@thelmamoran8565,1,1,1,0.0526,0.0,0.2219,0.00131
UC6YSZqL0vEcI-niPKIMUGfw,autor,@maxwellsales885,1,1,1,0.0526,0.0,0.2219,0.00131
UCNBnKqWf4d-rS4HwJRQljmQ,autor,@LE_A22,1,1,2,0.0526,0.0,0.2219,0.00219
UCO0zwwLWGyDgQmWPJ5Qrr1w,autor,@elsalvador3605,8,1,1,0.0526,0.0,0.1023,0.00149
UCwjUvRseNtJoItylIyIez7Q,autor,@Silviazea,2,1,1,0.0526,0.0,0.1742,0.0015
UCTwSut16JyAg3mX6LVUNGqA,autor,@SuperVictor2005,1,1,1,0.0526,0.0,0.2219,0.00131
UCLggDc_a5HriXv7I1h02sOA,autor,@guillermogonzalez5153,1,1,2,0.0526,0.0,0.2219,0.00219
UCwO2SXr0ggzwg6QWWrr01nQ,autor,@ricardofigueroa5720,1,1,1,0.0526,0.0,0.2219,0.00131
UC816IGbFCZinfYS1LRDaaHg,autor,@ingenieroar,2,1,1,0.0526,0.0,0.1742,0.0015
UC3qn1yJA5PeW9rkGPatQxiw,autor,@VICTOREST19,1,1,1,0.0526,0.0,0.2219,0.00131
UCaT4saRcyqCLE657Rq2hhZQ,autor,@elmilenial4064,4,1,1,0.0526,0.0,0.1326,0.00123
UCc_F88PzGWtA1OPNUEASulA,autor,@rockyscarlet,3,1,1,0.0526,0.0,0.1236,0.00151
UCErZPJpHmLCsXs8ZWkAUupQ,autor,@dorisl.garciaroche7763,1,1,1,0.0526,0.0,0.2219,0.00131
UCFOxCyF926Y9eHhMeVoWLzw,autor,@arielsarc09,5,1,1,0.0526,0.0,0.0364,0.00159
UC72gBAtyb_VXQlYDcFrh6oQ,autor,@osmanmorales3012,1,1,3,0.0526,0.0,0.2219,0.00308
UCi1b_TRQfgO1Z9O2gNGGWNA,autor,@davidisraelesquitsaquil,1,1,2,0.0526,0.0,0.2219,0.00219
UCBlm80VQ4YoV3bUJR_XhkaQ,autor,@rosadiaz6945,6,1,2,0.0526,0.0,0.0264,0.00213
UColMq7LmaoY3MT6aIDGrGvA,autor,@quijotachapina1,2,1,1,0.0526,0.0,0.1742,0.0015
UCat2qkYvqmtDNEmo2PVuhXw,autor,@DoraSalas-j5o,6,1,1,0.0526,0.0,0.0264,0.00128
UCSTAUWVc1_82DHYeqOsqEFA,autor,@TheAlexX_C,5,1,1,0.0526,0.0,0.0364,0.00159
UCcFIBN-rtC3d3hXeuN5TfWw,autor,@DenisRMC,3,1,1,0.0526,0.0,0.1236,0.00151
UCV0lM03g5fg5pbPj97-sAtA,autor,@genarodelgado3929,2,1,1,0.0526,0.0,0.1742,0.0015
UC_ljZ1hZXR9pzexFz87P5ZA,autor,@ChRiStOpHeR7969,5,1,1,0.0526,0.0,0.0364,0.00159
UCLXYp1Cvc5DLtq5UQL5D9vw,autor,@jorgecifuentes-m5g,8,1,1,0.0526,0.0,0.1023,0.00149
UCfjhejO7LZy4doXURa7LZCQ,autor,@HonwayLee-z5g,8,1,1,0.0526,0.0,0.1023,0.00149
UCplrIQtaPj6au60_f2-mOYw,autor,@romeolopezherrarte799,1,1,1,0.0526,0.0,0.2219,0.00131
UCql1n3Ey6ULMSOACjMe-fxQ,autor,@RolandoGonzalez-o7g,4,1,1,0.0526,0.0,0.1326,0.00123
UCZFQwqh90apuL8eFhvRBkUg,autor,@luisricardo9671,4,1,1,0.0526,0.0,0.1326,0.00123
UCyJhqmMbsvjpoarBBStA2kg,autor,@Murmullodelbarrio,4,1,6,0.0526,0.0,0.1326,0.00525
UC63tFvbQ_hJhGDi2nbjssjw,autor,@AbigailRodas-w2r,4,1,1,0.0526,0.0,0.1326,0.00123
UCtCtts20bW6F9CSohau51Iw,autor,@carlosgranados9875,4,1,2,0.0526,0.0,0.1326,0.00204
UCcfdg8crmMJwEuLUsAhV7yg,autor,@RolandoRaguay,1,1,1,0.0526,0.0,0.2219,0.00131
UC6Uj1FT5JjDSF8vudvDxPAA,autor,@alfredoortega9264,2,1,1,0.0526,0.0,0.1742,0.0015
UCj-LL25XJnjxepPKCc3NGog,autor,@anaaguirre8985,1,1,1,0.0526,0.0,0.2219,0.00131
UC1DpqK6vaPEkBOMNvypsKYg,autor,@HectorCarranza-u4j4o,2,1,1,0.0526,0.0,0.1742,0.0015
UCpsKOkt5iWTbenzeuq7dsmQ,autor,@inge_vergueta,3,3,3,0.1579,0.21808,0.2655,0.00332
UCDftMWXQoJ6nONfY7GVOVjg,autor,@luisgpacheco5858,1,1,1,0.0526,0.0,0.2219,0.00131
UCYwpX26TrCxq8TvbKGRYLXA,autor,@beneficioelcaminovillacana8540,1,1,1,0.0526,0.0,0.2219,0.00131
UCUIIIPTVDVHAXqhC_5V6lPA,autor,@gorrarota,1,1,1,0.0526,0.0,0.2219,0.00131
UCzZ6dDCEsLMXbc5pCFXIprw,autor,@josegil3813,7,2,2,0.1053,0.17683,0.1827,0.00208
UCNIeXbV_mEwpa412h1aqUWw,autor,@juandeleon9060,7,1,3,0.0526,0.0,0.1706,0.00297
UC_6KbBY1bsYXz9fwFS0eQRg,autor,@imrcp5694,3,1,1,0.0526,0.0,0.1679,0.00137
UCDQaQv0hr2SS_PO-CMEwVHg,autor,@federicosaquimux1933,1,1,1,0.0526,0.0,0.2219,0.00131
UCefAH1MbvADWUjE9WVcB9EQ,autor,@jabriz8152,3,1,1,0.0526,0.0,0.1236,0.00151
UCEHXl4VvvVpq-_4xC5tsbhg,autor,@anibalg47,4,1,1,0.0526,0.0,0.1326,0.00123
UCeQk-WfEA-cJRq4EKeE7TOw,autor,@franciscojuarez9223,4,1,1,0.0526,0.0,0.1326,0.00123
UCkd9W714-947dEE6ZOEBATA,autor,@ARGELIATELON,1,1,2,0.0526,0.0,0.2219,0.00219
UCljDbleJul41G1TzOjOZAVA,autor,@hectorcarranza3777,1,1,1,0.0526,0.0,0.2219,0.00131
UCGGHbtfbbe0o68etrOf0qxw,autor,@karensussetteleonvargas9794,2,1,1,0.0526,0.0,0.1742,0.0015
UCVdjCrh4tQoX3haNAZv-n5A,autor,@aurahernandez5646,6,1,1,0.0526,0.0,0.0264,0.00128
UCZeIIQrGAedW8tCbKWmGY-A,autor,@mariocordon8873,2,1,1,0.0526,0.0,0.1742,0.0015
UCFUuDARXdmmIrLppEqf-rFg,autor,@allanmunoz7410,1,1,1,0.0526,0.0,0.2219,0.00131
UCCUmP4PlbwgikVFpYwbtRTg,autor,@alhvi,3,1,1,0.0526,0.0,0.1236,0.00151
UCfXykdbSU97rj987LDUGfvg,autor,@MariaSantos-c8y3h,8,1,1,0.0526,0.0,0.1023,0.00149
UC4Avya4kmR4Q0FrfFdBozSQ,autor,@davidlima1348,2,1,1,0.0526,0.0,0.1742,0.0015
UChep9kVb5gQmpodEEl10Xlg,autor,@carlosaguilar-kz7ml,1,1,1,0.0526,0.0,0.2219,0.00131
UCtsxPYw8VUsH_FfnKg-0lmw,autor,@AlejandroPérez-b6r,4,1,1,0.0526,0.0,0.1326,0.00123
UCRlCV9zSn7avAWh-9_XFWqQ,autor,@ronyarana8849,1,1,1,0.0526,0.0,0.2219,0.00131
UCfo_yUPzy1f1POwwZxhZ06Q,autor,@lara11roberto,4,1,1,0.0526,0.0,0.1326,0.00123
UCTylKrsqkrBKIqubMu_5N0Q,autor,@edwingeovanymarroquinmarro6684,1,1,1,0.0526,0.0,0.2219,0.00131
UC5hvEnRUzI4Kfvwnyi4QxqQ,autor,@leonelsantizo5281,2,1,1,0.0526,0.0,0.1742,0.0015
UCVhif9eV0f8plICen2DnpKA,autor,@blogarteplus,3,1,1,0.0526,0.0,0.1223,0.00157
UC1vr9aaMI2crB0NvwFHUeoQ,autor,@JoseSimilox-p6e,1,1,1,0.0526,0.0,0.2219,0.00131
UCEgEQmRbtL5fwr9_DqAC--g,autor,@ArielRodas-g5y,1,1,1,0.0526,0.0,0.2219,0.00131
UCIUhbSCy3-SGRe5UtqM4fzQ,autor,@jeanmorales1677,5,1,1,0.0526,0.0,0.0364,0.00159
UCozFYHN0e_-vlQbX3wQGOug,autor,@jesusguzman2321,6,1,1,0.0526,0.0,0.0264,0.00128
UCQMMuADgqWUOcJpLwHOzC-g,autor,@Ripped-Yoda,6,1,1,0.0526,0.0,0.0264,0.00128
UC-QOpE7GOxlXcHZ8b7HbQKA,autor,@mariaalexander427,6,1,2,0.0526,0.0,0.0264,0.00213
UC0RpuMwkDKJYqgKHtsJRuWQ,autor,@sabinamarinaguerra3248,5,1,1,0.0526,0.0,0.0364,0.00159
UC-HeUTT6_g-VoiWds2a4H-w,autor,@JorgeMunoz-gd9et,4,1,1,0.0526,0.0,0.1326,0.00123
UC2Y_EHWQKevubk4vOEBBFxw,autor,@alfonsomorales2653,1,1,1,0.0526,0.0,0.2219,0.00131
UCwEe1RKlEv1UpNWmWYfSh4w,autor,@marioramirez299,3,1,1,0.0526,0.0,0.1236,0.00151
UCQtICyzWmhC5woCtbNgaSmg,autor,@nestormendez6216,1,1,2,0.0526,0.0,0.2219,0.00219
UCDlr1VadSucIZgZ171pRBjQ,autor,@cuabatzjj5924,1,1,1,0.0526,0.0,0.2219,0.00131
UCxKR3RA8T-kxMgq_2WWhRcQ,autor,@elenaluarca9377,5,1,1,0.0526,0.0,0.0364,0.00159
UCJxJC56BSAX-ArD0NAb9qnQ,autor,@alfonsowilian9157,13,1,1,0.0526,0.0,0.0038,0.00219
UCqilIa8r7iek5sGYg_q6ofA,autor,@rolandojuchuna484,5,1,1,0.0526,0.0,0.0364,0.00159
UCyor0Mmm0ivLX2jIdyGp84Q,autor,@MiguelJordan-n3g,13,1,1,0.0526,0.0,0.0038,0.00219
UCpe5jW3MIqkgTJ-PgkzvM6Q,autor,@carloslam5333,2,1,1,0.0526,0.0,0.1742,0.0015
UCz3gu01bmjNv0DpRq-K3XYg,autor,@eusebiovasquez4385,1,1,2,0.0526,0.0,0.2219,0.00219
UCuXmOjxC-htcprLgeVXz6Tg,autor,@jorgeaguilar-bq3uj,2,1,1,0.0526,0.0,0.1742,0.0015
UCySYJU5kUh7X8gVt9la2ISA,autor,@dantesarti4351,1,1,1,0.0526,0.0,0.2219,0.00131
UCHTGCgY2l-DQJIvlA_cpa_Q,autor,@virgiliogarcia3039,1,2,3,0.1053,0.23158,0.2528,0.00304
UCPNXmbOBVeC4HS-xemvcPtQ,autor,@BelkisRodriguezRamirez,6,1,1,0.0526,0.0,0.0264,0.00128
UCtUR3_CAiE7fCoZHM6cMfyQ,autor,@mdelcid01,1,1,1,0.0526,0.0,0.2219,0.00131
UCGj2v6Gl5bN8NSrzJMXS-CA,autor,@juliogutierrez492,3,1,1,0.0526,0.0,0.1223,0.00157
UCbrtvygfRT6QXqWDNrOf-cA,autor,@Alejandro00710,3,2,2,0.1053,0.0323,0.1717,0.00245
UCOh6DaZC_x9HASnlRylEMfw,autor,@AndresMedina-v1s,1,1,1,0.0526,0.0,0.2219,0.00131
UCL1MT278vSaQ83ZDkVWn1gw,autor,@elmorodriguez6978,1,1,1,0.0526,0.0,0.2219,0.00131
UC8G5cJONY8L9voMyBW8Eoug,autor,@luisparedes-pw6qt,1,1,1,0.0526,0.0,0.2219,0.00131
UC7VUuJr9cGh845CmTvf7TlQ,autor,@LuisCastillo-oz4df,1,1,1,0.0526,0.0,0.2219,0.00131
UCFhxtoeARHPnXXPcDrOU3Xg,autor,@diegoalejandrolopezmendez205,1,1,1,0.0526,0.0,0.2219,0.00131
UCAlzM_N6xBlMYmM8EBzX86Q,autor,@carlossoto3252,1,1,1,0.0526,0.0,0.2219,0.00131
UClqA491Xa5fQcXcJJa-vTWw,autor,@AndresLemus-k2d,2,1,1,0.0526,0.0,0.1742,0.0015
UCvDwJBBY1mHK70aTEYl6rsA,autor,@cristianescobedo8296,4,1,1,0.0526,0.0,0.1326,0.00123
UCWWkebAekppaL5b5CNlppuw,autor,@ninettmartinez425,12,1,1,0.0526,0.0,0.0051,0.00198
UCjmPuazZJzscrwvk0QR9RVw,autor,@mynorrodas8591,1,1,1,0.0526,0.0,0.2219,0.00131
UCipetjeiWj4CZB6EbyYziZg,autor,@OseasSamayoa-ol5rz,1,1,1,0.0526,0.0,0.2219,0.00131
UCZIQnb1fkwe39Iw2TAu-bGA,autor,@jorgegomez2237,3,1,1,0.0526,0.0,0.1223,0.00157
UCTP3O0rMnc8z8v8jaDQwL0w,autor,@RobertoZelaya-x1v,1,1,1,0.0526,0.0,0.2219,0.00131
UCsUCN0Yq_UyTvKjOJLmNrnQ,autor,@moisesvaldez4043,9,2,2,0.1053,0.03186,0.2249,0.00248
UC3UVO7pTbeYvZ3ILEyRDskQ,autor,@rosaelenaargueta79,2,1,1,0.0526,0.0,0.1742,0.0015
UCuP4UK33HKtJE_S39ksmaTw,autor,@herbertaguilar1387,7,1,1,0.0526,0.0,0.1706,0.00127
UClsrFGJKWPxxw7MiaEdKLXw,autor,@ericapaz5406,7,1,1,0.0526,0.0,0.1706,0.00127
UCg3eIfd7BrsLEqS0BLkftHA,autor,@ErmePérez-q4s,7,1,3,0.0526,0.0,0.1706,0.00297
UCq3mDTTRZnUybct5M9OSXbg,autor,@MacoMorales-i2i2d,8,1,1,0.0526,0.0,0.1023,0.00149
UCGzXwyCzMzGmjmCbH3Hg01Q,autor,@FidelZacarias-ph7dy,1,1,1,0.0526,0.0,0.2219,0.00131
UC0HvfEWozTHbwl_iEmJNvVA,autor,@OttoPalencia-b7r,4,1,1,0.0526,0.0,0.1326,0.00123
UC14qlobYKqD-DO0j6b75lcA,autor,@megavision4488,4,1,1,0.0526,0.0,0.1326,0.00123
UCiGRBf2RNF0WRKhRVT7zFoA,autor,@edwinavila4876,1,1,1,0.0526,0.0,0.2219,0.00131
UCa36MjQLoPAmgJo-R3G8WQA,autor,@elsasalguero6914,4,1,1,0.0526,0.0,0.1326,0.00123
UC3YpzAr7pcdKC7BVFEpYzog,autor,@carmenfigueroa1232,4,1,1,0.0526,0.0,0.1326,0.00123
UCQqlPPUGqAfWjd-FSh_qn7Q,autor,@estuardoargueta137,2,1,1,0.0526,0.0,0.1742,0.0015
UC8r11yOugM2NuRfitQOxLLg,autor,@cesaraugustomoralesmonroy6907,1,1,1,0.0526,0.0,0.2219,0.00131
UCusjriFsDHEc2AOjqk-p5ig,autor,@pablobarrios7931,7,1,1,0.0526,0.0,0.1706,0.00127
UC5fvhAfm89JH8eDFdvc0xYw,autor,@isaidiaz2388,5,1,1,0.0526,0.0,0.0364,0.00159
UCAV7QIjYhbDJaycQycM_0eQ,autor,@mariavail8998,7,1,1,0.0526,0.0,0.1706,0.00127
UC3E9mAgP7VoAE5mZoAexl5g,autor,@EnnioAroche,1,1,1,0.0526,0.0,0.2219,0.00131
UCB5p8a5gklc80jJItP6xTHg,autor,@ernestogamboa8737,1,1,1,0.0526,0.0,0.2219,0.00131
UC1NiEdJ7gk6FlDexIalWnGg,autor,@BorisTebalán,4,1,1,0.0526,0.0,0.1326,0.00123
UCdQAuWwyC99MB7Y02Umj26Q,autor,@miguelbran1268,3,1,1,0.0526,0.0,0.1236,0.00151
UCtowGNY2lnlg6O2CkwDgkLg,autor,@taniagabrielacelis8434,11,1,1,0.0526,0.0,0.0065,0.00187
UCp_dAUfv8i3LW3zWc24dLaQ,autor,@MarioCortez-o6v,6,1,1,0.0526,0.0,0.0264,0.00128
UC_NRVt2UP88ZNTwzrZ66JSg,autor,@aditalissethevasquezrojas8039,16,1,1,0.0526,0.0,0.0029,0.00285
UCylqlpsh8ENNM1LqgQ1KbxA,autor,@Jel.Awesh.M,2,2,3,0.1053,0.08915,0.2479,0.00346
UCRvPToDkkumha7WJAfCDk1A,autor,@ligiaguerra3057,2,1,1,0.0526,0.0,0.1742,0.0015
UCPZueDLrCS4BmTBRMA4q0fA,autor,@kevinochoa3695,7,1,1,0.0526,0.0,0.1706,0.00127
UCHMQ_lDhibZ-XZ_3fo6oxwg,autor,@crislexrubi4387,5,1,1,0.0526,0.0,0.0364,0.00159
UC7dadZG7kkGYnsNu6td0FbA,autor,@lesolorzano,2,1,1,0.0526,0.0,0.1742,0.0015
UCrJn_rbo_ENAdeqneS-RmRw,autor,@josecarrera9623,1,1,2,0.0526,0.0,0.2219,0.00219
UCFFrEmn6lPYiWyElpfzTy5Q,autor,@denilsonlopez4083,10,1,1,0.0526,0.0,0.1238,0.00162
UCNiMNUJvaRJb0_QLClqwVnA,autor,@Santiago.Nolasco,11,1,1,0.0526,0.0,0.0065,0.00187
UCs_5qeqdku9tGAq22y3OcuQ,autor,@alexandrevasquez4135,5,1,1,0.0526,0.0,0.0364,0.00159
UCCBYcToQ2dwkd6TJh0FSyDg,autor,@lidiarodriguez3493,2,1,1,0.0526,0.0,0.1742,0.0015
UCxcoDvP-g2_KTZDmVZtvb3w,autor,@angelmartinez9523,3,1,1,0.0526,0.0,0.1236,0.00151
UCW-JC6lebVmf2P1dmY_L94g,autor,@dinoraoroxon5771,2,1,1,0.0526,0.0,0.1742,0.0015
UCgJNFj5dnxXpcMvmuhZDPxA,autor,@NataliaRodriguez-rx5mr,2,1,1,0.0526,0.0,0.1742,0.0015
UCFoIAE8k82D6AV-8gjjKaNg,autor,@eddymunoz9789,1,1,1,0.0526,0.0,0.2219,0.00131
UCe8JZoYkX5oKUZyivHYdXhw,autor,@FernandoGarcia-jg1fj,2,1,1,0.0526,0.0,0.1742,0.0015
UCnU8wO1OurAmGstDw6VGjgQ,autor,@cmorera21,3,1,1,0.0526,0.0,0.1679,0.00137
UCf5lnNZF7Qrtli9v4N_23WQ,autor,@CarlosCortez-v5r,7,1,1,0.0526,0.0,0.1706,0.00127
UCW80DaMjQlEUibC98Cot-Dg,autor,@rogeraldana4289,2,1,1,0.0526,0.0,0.1742,0.0015
UCDrmf9y9nLgFY5wnA2hTuGA,autor,@laboratorio5528,2,1,1,0.0526,0.0,0.1742,0.0015
UCTD6q1nyIe3Y7HhqjaMj72w,autor,@JuanChang-r6k,1,1,1,0.0526,0.0,0.2219,0.00131
UC0aEyakBPqcBkVJiErfSupQ,autor,@jhonymanuel9891,5,1,1,0.0526,0.0,0.0364,0.00159
UC650pRT-OYzny3GwOH8Cgfw,autor,@edvinparedesherrera7632,1,1,1,0.0526,0.0,0.2219,0.00131
UCWoAVGVqCn4xtINCMOTM4jg,autor,@OmarMartinez-vv8re,2,1,1,0.0526,0.0,0.1742,0.0015
UCDPWkUX3sNNaCx-m1dV4glA,autor,@hectoroliva949,1,1,1,0.0526,0.0,0.2219,0.00131
UCsGoJEvb-cFPZ2rWoJcXzEQ,autor,@sergiohinestroza9709,2,1,1,0.0526,0.0,0.1742,0.0015
UCXXh7yg5KUFIWylTiKVEFKQ,autor,@MrDuenderojo,1,1,2,0.0526,0.0,0.2219,0.00219
UCfM3nrxtTQMY5jFx1v1J4Gg,autor,@edgarroldan5539,1,1,1,0.0526,0.0,0.2219,0.00131
UCp4iw5_5SmV9VGTFSNVGOmQ,autor,@CARLOSSTREMS51,1,1,1,0.0526,0.0,0.2219,0.00131
UCIp19h9igblA2YKfSLPDAug,autor,@JoseReyes-rn6sh,5,1,1,0.0526,0.0,0.0364,0.00159
UCwha8rxULYMVtNwZWeSkE1A,autor,@mariasamo8637,1,1,1,0.0526,0.0,0.2219,0.00131
UCHbwIx9pmQuf7i-4_xO2EpA,autor,@caminoseternos752,2,1,1,0.0526,0.0,0.1742,0.0015
UCu8_3-Wg-YzNyvHYQDEscfw,autor,@RolandoCastroPérez-d7y,2,1,1,0.0526,0.0,0.1742,0.0015
UCIgoiXdIKJyUGmUoH2Lxdzg,autor,@susievidal4134,6,1,1,0.0526,0.0,0.0264,0.00128
UCXN2s7DwTJm33xO-pNkAdaA,autor,@edithsan7688,8,1,1,0.0526,0.0,0.1023,0.00149
UCgLrWFdYitoP-b7-PxtUr-w,autor,@zetag,5,1,1,0.0526,0.0,0.0364,0.00159
UCAKuKvcbfnBD3kF5njNu-IA,autor,@melvinlopez7096,2,1,1,0.0526,0.0,0.1742,0.0015
UCFxE8GbokBrBsPEKM1xrOjQ,autor,@JuanDavila-qd7qj,1,1,1,0.0526,0.0,0.2219,0.00131
UCk4O-J1BhoqPmig1KLGJePA,autor,@lazarobarillas3575,10,1,1,0.0526,0.0,0.1238,0.00162
UCUoYsrx1oZnCZ0usbBJn4fA,autor,@AnaDiaz-re9sq,2,1,1,0.0526,0.0,0.1742,0.0015
UCHu8x4MVkayU6VgwVKd--MQ,autor,@Hernandez-i1o,9,1,1,0.0526,0.0,0.1461,0.00159
UC-jS_kA9w-OmpupXDx156Rg,autor,@simoncreyesc7579,1,1,1,0.0526,0.0,0.2219,0.00131
UChT7pzGytNd92Nmvi-zuWog,autor,@sparkvalkov,3,1,1,0.0526,0.0,0.1236,0.00151
UChZknRmJkeGeQk0-mQuhDOg,autor,@OdilioRodríguez-c5w,1,1,1,0.0526,0.0,0.2219,0.00131
UCOARn3hnfkB7-_Rwa8Hoqcw,autor,@nicelol5241,3,1,1,0.0526,0.0,0.1223,0.00157
UC9Wp6vL5oCU37qC3Aj94WZA,autor,@ManuelSanchez-b8q2z,9,1,1,0.0526,0.0,0.1461,0.00159
UCIXLDYqR_syskKRJy_x9W9Q,autor,@carlitosramirez4739,8,1,1,0.0526,0.0,0.1023,0.00149
UCYN4wSQ1Sx4_LurxLlW7MPg,autor,@belarminavillatoro6474,1,1,1,0.0526,0.0,0.2219,0.00131
UCTTILH6QCIxbTnEWxwRqs1g,autor,@3762Jorge,3,1,1,0.0526,0.0,0.1236,0.00151
UC5bG9nc_JV3FsNP2KseQiYw,autor,@giovannirodas4836,1,1,1,0.0526,0.0,0.2219,0.00131
UCKDR0f2fu2UzWL8mBv5-BHw,autor,@mireyamorales6595,1,1,1,0.0526,0.0,0.2219,0.00131
UCbYoNG5J3Au5BqtbXogfEFw,autor,@Luis-gn3fj,7,1,1,0.0526,0.0,0.1706,0.00127
UCl0ekS9Tt0jJGtOEM18S63w,autor,@monkchapin,1,1,1,0.0526,0.0,0.2219,0.00131
UCVQf0tzL7xRzFJsABVVULpg,autor,@DennisseLopetegi,7,1,1,0.0526,0.0,0.1706,0.00127
UCsSXdJct-nsS8DsABoEsaYA,autor,@IvánPérez-j4j,1,1,1,0.0526,0.0,0.2219,0.00131
UC9xr9QvIcDvoZNUX5f-jaZw,autor,@MariaaliciaColonmorales,1,1,1,0.0526,0.0,0.2219,0.00131
UCpl8rF8uv_8uui-QRvuJaRA,autor,@SergioGarcia-z9c,1,1,1,0.0526,0.0,0.2219,0.00131
UClhMWQ7XKWywYvbRnuf8QsA,autor,@EcPerez-zz9oh,2,1,1,0.0526,0.0,0.1742,0.0015
UC4kg7zuTfqQKLd2bkZrSYBA,autor,@zoilagarcia9019,10,1,1,0.0526,0.0,0.1238,0.00162
UCbNanjFI51cwGqMAb2rOrBw,autor,@RosaMontesdeOca777,6,1,1,0.0526,0.0,0.0264,0.00128
UC2weSE8rpqkGMOp6StYtVfg,autor,@katerynsantiago2907,1,1,1,0.0526,0.0,0.2219,0.00131
UCyzf29IYjNw67gGIfsjgtxA,autor,@carlosoliva9249,5,1,1,0.0526,0.0,0.0364,0.00159
UCaT6M2zp7X6r6Whd8Vv3kHQ,autor,@alexarcos8349,5,1,1,0.0526,0.0,0.0364,0.00159
UC3NMzdMYryaw82kPTnsaljg,autor,@marisosa7832,1,1,1,0.0526,0.0,0.2219,0.00131
UCSou6a2OuYGSvPjm5psquyA,autor,@FranciscoRivera-sf7ne,1,1,1,0.0526,0.0,0.2219,0.00131
UCtNyHmRZtvGF2hSvI2dUBWw,autor,@aureliomaldonado4793,7,1,2,0.0526,0.0,0.1706,0.00212
UCGqKxQS-z3NZzZF-2w338AA,autor,@samuelaguilar529,5,1,1,0.0526,0.0,0.0364,0.00159
UCXO1BBohNWXkK9SBDAG2ySg,autor,@JBFlute92,3,1,1,0.0526,0.0,0.1236,0.00151
UChyps3dqY-VY1_wLeq-2lhw,autor,@maydamorales4395,4,1,1,0.0526,0.0,0.1326,0.00123
UCXgr7vXlRrsaskPdo097kGA,autor,@Rogergh-nw4oj,1,1,1,0.0526,0.0,0.2219,0.00131
UC4cXueR2bKGFJV0Fk76gwmA,autor,@aluxdel4792,1,1,1,0.0526,0.0,0.2219,0.00131
UCmvOgzmmXbjUthHy-WJ52hQ,autor,@mariorodas593,1,1,1,0.0526,0.0,0.2219,0.00131
UC6xI_MOaxajIWpoP8BH6E_Q,autor,@jahirdiaz5862,17,1,1,0.0526,0.0,0.0029,0.00285
UCtMBF_1O2jY2INlb_luuB_A,autor,@mynorgudiel8646,5,1,1,0.0526,0.0,0.0364,0.00159
UCrqXyRsg-_hTosURZ-uvoKg,autor,@flornolberto2425,6,1,1,0.0526,0.0,0.0264,0.00128
UCGZMgmM92E3njyXNe9-kjAQ,autor,@pasionpornada,6,1,1,0.0526,0.0,0.0264,0.00128
UCOY3XpD9qMCRSA8AA8c4CAw,autor,@franciscorodas9686,3,1,1,0.0526,0.0,0.1236,0.00151
UCfRqgt2O-vjzUDMZY_tnxQw,autor,@Williams-Garcia67E,10,1,1,0.0526,0.0,0.1238,0.00162
UCjJf-AJKRFFWtiN-CSwkDmA,autor,@2jose82,3,1,1,0.0526,0.0,0.1679,0.00137
UCBtB5dIyx-C16UN8ClUD2UA,autor,@alexmonzon4257,10,1,1,0.0526,0.0,0.1238,0.00162
UCDUffaruH6dyUnUGwsTKpgg,autor,@luisletona2842,1,1,1,0.0526,0.0,0.2219,0.00131
UCgGqw4aqMdMVSGkKiMgrJRQ,autor,@pattyfigueroa5609,4,1,1,0.0526,0.0,0.1326,0.00123
UC32oozucwCF3q8d4m8fyOUg,autor,@RauldejesusOlivagonzalez,2,1,1,0.0526,0.0,0.1742,0.0015
UCvApqeCbLod-wejtT4CcVuA,autor,@davidgaher9550,1,1,1,0.0526,0.0,0.2219,0.00131
UCHGd14aYuZZShLD73dkk6mg,autor,@noemiherrera3152,12,1,1,0.0526,0.0,0.0051,0.00198
UCiMythXHsw7eQEMykCdmMUA,autor,@JavierBecerra-h6x,1,1,1,0.0526,0.0,0.2219,0.00131
UC-fiZBS5Gp1eCJd9ucgWnCg,autor,@Tommii.10,2,1,1,0.0526,0.0,0.1742,0.0015
UC5PrBbmUlQolwqmiru7yZhw,autor,@lazarochavez8269,9,1,1,0.0526,0.0,0.1461,0.00159
UC094EFEmMSdwVa8NQjjYBXg,autor,@CelestinoQuej-j7k,9,1,1,0.0526,0.0,0.1461,0.00159
UCGm3gRBEHGRJYmtCryZLtDw,autor,@JoséLopez-g6k,9,1,1,0.0526,0.0,0.1461,0.00159
UCwUAv3_LpWVtTIi7lkmTL7A,autor,@kingr4706,5,1,1,0.0526,0.0,0.0364,0.00159
UC5wuDq3U3vRAhOQI3D7gNdw,autor,@allanreneramirezgonzalez534,3,1,1,0.0526,0.0,0.1679,0.00137
UCsJJAvrVGupdmhOqgtDp8dg,autor,@nestorlorenzana1168,1,1,1,0.0526,0.0,0.2219,0.00131
UCtNfIBnc5S5DbbQj_yxgJTw,autor,@JosueRamirez-ey3ih,1,1,1,0.0526,0.0,0.2219,0.00131
UC-Iul5tDYH_oiAMXQH-KaaQ,autor,@AlbertoMancilla-p9h,4,1,1,0.0526,0.0,0.1326,0.00123
UCyW68EGZey4ao_Vf2cR5Ztg,autor,@ZabalaXabier,3,1,1,0.0526,0.0,0.1223,0.00157
UCZjm6U576nX8WOiLhmMR3bw,autor,@MariaNavarroYT,6,1,1,0.0526,0.0,0.0264,0.00128
UC_LYoGs5C3mbZKZuKuqYCvw,autor,@javiercifuentesarchila6041,2,1,1,0.0526,0.0,0.1742,0.0015
UCRfkkatKrNtAARnXMMYBGlA,autor,@BernerSoza-mg3vx,4,1,1,0.0526,0.0,0.1326,0.00123
UCA93ym2TXs_Ibyxb4Vcn-6Q,autor,@oswaldosolis8728,1,1,1,0.0526,0.0,0.2219,0.00131
UCAmtbUiIrUIhikru0ZoTFig,autor,@Aura-vf6dm,1,1,1,0.0526,0.0,0.2219,0.00131
UCr1emrogPKkKTs_WTtx71xg,autor,@domingopeneleu6457,1,1,1,0.0526,0.0,0.2219,0.00131
UCRznz9-N3Qc1w-qNdLSIY2Q,autor,@jimmygomez724,5,1,1,0.0526,0.0,0.0364,0.00159
UCY7Hq7F9Lnucf-Yr6JkHZNw,autor,@maynorcalel1442,5,1,1,0.0526,0.0,0.0364,0.00159
UCjSKM9j0Q7HLDr1hD6D-TUw,autor,@josehidalgo4875,1,1,1,0.0526,0.0,0.2219,0.00131
UCwCfs-2zbD5k0lG-UVg_JBw,autor,@JessicaHuaz-96,8,1,1,0.0526,0.0,0.1023,0.00149
UC8xlJWNHz1V_W6q3fbuQH8g,autor,@NormaLópez-v7e,7,1,1,0.0526,0.0,0.1706,0.00127
UCgQJgI9vu1FI2dnC9mrFthw,autor,@srms70,7,1,1,0.0526,0.0,0.1706,0.00127
UCRETAiYdh2dL5ZxB0_N1zDA,autor,@Joseroland21,1,1,1,0.0526,0.0,0.2219,0.00131
UCi-vPdnpQreC7BkFs40mJGA,autor,@bryansicasales4280,5,1,1,0.0526,0.0,0.0364,0.00159
UCsjs5Hp_r86x1xbK6FAeqaA,autor,@alvaroesquivel563,1,1,1,0.0526,0.0,0.2219,0.00131
UCRcSR3Lvn9DZAmJpVPANfZQ,autor,@WalksandSuch,5,1,1,0.0526,0.0,0.0364,0.00159
UCGX_UbAQOXGZknv5iqklwTA,autor,@ronaldgarcia8522,7,1,1,0.0526,0.0,0.1706,0.00127
UC-hfX8J5JPJ-dfuakzegMLA,autor,@normaleticiaorozcojuarez2418,1,1,1,0.0526,0.0,0.2219,0.00131
j43HgwYFKfk,video,La cooptación de Walter Mazariegos en la USAC,2,49,50,0.1476,0.22747,0.2214,0.06319
06mFNPU0aB8,video,Capturan a presuntos delincuentes disfrazados,8,13,14,0.0392,0.05472,0.117,0.01751
OkXlHx0hx-8,video,EE.UU. envía a mexicanos deportados a Guatema,6,18,25,0.0542,0.00251,0.0514,0.02511
yLZS3JiEBg8,video,Arroz con pollo a la MONOPOLIO,3,16,16,0.0482,0.06367,0.1456,0.02045
n8iP75gIpmw,video,Qué rico come tu diputado,1,128,161,0.3855,0.5657,0.3046,0.16729
lj983NWyAQY,video,Plan 2032 Ciudad de Guatemala,5,25,25,0.0753,0.00491,0.0714,0.03427
ndAZjHqzzT8,video,Internet: escoger el menos malo,3,10,12,0.0301,0.12829,0.2114,0.01328
6W4u8sGEnGM,video,Inician los trabajos de recuperación del Puen,4,32,45,0.0964,0.18762,0.1583,0.04259
TT4qJ5FXHYE,video,I’x K’at: el primer equipo guatemalteco de pe,11,4,4,0.012,0.0001,0.0114,0.00678
X_FAIef8qlE,video,Cruzando la ciudad a puro Transmetro,14,1,1,0.003,0.0,0.0029,0.00285
zweosulrwA8,video,Edén por Salud: empleo inclusivo para persona,15,1,1,0.003,0.0,0.0029,0.00285
JkpVO1hx2f8,video,10 Preguntas a un año del Paro Nacional,12,3,3,0.009,5e-05,0.0086,0.00547
PjmxCj-a9Hg,video,Conferencia de Prensa del Gobierno de Guatema,7,19,25,0.0572,0.24403,0.2157,0.0249
b_Hkrkl3adA,video,Bloqueos en Guatemala este 31 de agosto por a,9,7,7,0.0211,0.02765,0.178,0.00961
is3Mk5oC19g,video,Capturan a ladrón que había quedado grabado m,10,7,7,0.0211,0.02765,0.146,0.00986
WIUZtitfLRw,video,Caminar en una ciudad hecha para carros,3,6,6,0.0181,0.02309,0.1438,0.00806
3Nfp9h5avBI,video,"Noticiero en Directo 1 pm, 28 de Agosto de 20",13,2,2,0.006,2e-05,0.0057,0.00416
UhL9y3KUl8E,video,SHAI WA: la vecina queer de Casa Presidencial,16,1,1,0.003,0.0,0.0029,0.00285
s0eco-BofOs,video,¿Quiénes pagan más en Centroamérica?,17,1,1,0.003,0.0,0.0029,0.00285
