sentimiento,confianza,comentario
negativo,,Ese corrupto amigo de la vieja fiscal los tengo que verbose en la carcel
negativo,,Veremos a este mafioso de Mazariegos en la cárcel y un buen tiempo en la sombra.
negativo,,"Lleven su lonchera, sacrifiquense un poco. Y reintevren ese dinero. O están robando."
neutro,,"Están jóvenes porque no buscan un trabajo,  tuvieron suerte que no hay policías que le gusta del otro vando , "
neutro,,"Me dejaron con ganas de demandar la ilegalidad de las reuniones virtuales, esto no es una maquila"
neutro,,"eso es para que salga de USA por su propio pie 
que se auto deporten"
positivo,,buenísima investigacion :hand-purple-blue-peace::hand-purple-blue-peace::hand-purple-blue-peace:
positivo,,Viva Guatemala 🇬🇹🇬🇹🇬🇹🥳🥳🥳
positivo,,Guatemala nunca se tube que llamar guatemala dino guatebella guatehermosa guatelinda la eterna primavera es gu
